Monthly_Income,Loan_Amount,Age,Primary_Income_Source,Essential_Expenses,Monthly_Installment,Remittance_Status,Land_Area,CIB_Score,Risk
66094,59636,47,Other,28821,3126,1,1.74,615,0
39200,185295,32,Salary,8675,4564,1,4.19,570,1
75009,427280,55,Agriculture,15043,7611,0,1.7,626,1
78811,149273,31,Salary,21177,1253,0,0.63,612,1
20979,77511,37,Other,3942,1424,0,0.18,574,1
33956,335575,33,Salary,15025,15512,0,0.93,763,1
62557,40924,37,Salary,10125,547,0,0.14,702,0
53675,257577,38,Business,11625,2314,1,1.09,402,1
59664,507455,22,Salary,14252,5233,0,0.31,750,1
42939,153595,58,Agriculture,5422,1501,0,0.31,396,1
77588,392447,43,Salary,17197,3496,0,0.27,343,1
75556,739802,72,Business,29995,9162,0,2.52,531,1
61321,307300,28,Business,8090,2573,0,2.33,516,1
82545,143938,56,Business,24441,9230,1,1.1,733,1
69350,68750,28,Salary,15982,673,0,1.16,683,1
42814,405939,49,Salary,6127,3882,0,5.61,332,1
67375,203822,45,Salary,5698,1836,0,2.89,574,1
40822,215892,43,Salary,7394,3392,0,3.48,738,1
77569,105623,55,Salary,7980,1088,0,1.47,703,1
59001,266963,65,Remittance,12945,8073,0,0.0,575,1
56303,525645,36,Business,21383,6814,0,2.05,639,1
46381,244563,66,Business,16061,4821,1,0.87,609,1
84451,821352,28,Salary,36359,10753,0,0.12,427,1
56909,168390,34,Salary,13544,1982,0,0.79,610,1
51433,272244,35,Business,17584,5502,0,2.43,671,1
52957,458901,72,Salary,17273,12980,1,0.43,330,1
70646,336162,24,Salary,11325,7192,0,0.19,683,1
67309,212369,40,Salary,12945,2537,1,0.19,437,1
68255,588837,42,Business,18841,6919,0,0.08,304,1
68616,288458,63,Other,25715,3133,1,3.28,716,1
102833,569887,45,Salary,25798,22204,0,2.15,514,1
51872,507153,73,Salary,8521,5051,0,4.38,527,1
49755,113023,60,Salary,22269,1309,0,2.24,644,1
43725,147061,58,Salary,5368,9615,0,1.67,608,1
72320,57506,60,Agriculture,31364,1192,0,0.74,641,0
82579,348686,27,Salary,31326,5587,0,0.68,820,1
57721,138631,43,Business,22534,2721,0,1.16,658,1
43197,300665,51,Salary,16161,12182,0,2.01,325,1
43510,96703,29,Salary,6832,2812,0,0.35,422,1
73012,504566,24,Remittance,22930,34435,0,1.52,547,1
74865,224821,25,Salary,26951,10195,1,0.61,560,1
70863,274564,62,Agriculture,25220,6736,0,2.69,499,1
46690,178084,55,Salary,8427,1771,0,0.75,401,1
64643,472485,34,Remittance,9503,6860,1,0.82,358,1
62334,307421,60,Salary,12554,5314,0,1.7,379,1
64374,253140,57,Salary,16579,3031,0,1.39,823,1
77429,665883,64,Agriculture,22632,9447,0,1.53,517,1
64472,382547,69,Salary,25123,14599,0,0.18,829,1
73578,186255,68,Salary,26822,5168,0,1.24,484,1
61352,555289,28,Other,20257,15411,0,0.12,471,1
65782,247023,61,Business,11676,3217,1,0.41,569,1
72626,63207,40,Business,18678,1022,0,0.54,821,0
30857,160416,40,Business,6298,2978,0,0.48,610,1
53607,89921,54,Agriculture,8948,1247,0,0.1,319,1
50593,139911,52,Remittance,4239,1198,0,0.71,449,1
47222,358772,41,Business,9709,7811,1,0.9,840,1
54497,94942,74,Salary,9524,1392,0,2.7,385,1
89899,734113,27,Salary,26215,11492,0,2.58,760,1
42683,401247,23,Business,4399,4488,0,3.99,811,1
79366,496994,19,Agriculture,14293,5469,1,4.07,418,1
26343,190945,64,Salary,2544,2104,0,1.65,607,1
53302,387989,41,Salary,16914,11491,0,5.58,630,1
63255,628228,42,Salary,18359,10384,0,0.52,737,1
71724,268579,55,Business,14694,2696,0,0.57,739,1
74225,151949,42,Agriculture,9984,2856,0,0.22,333,1
75867,412116,50,Salary,32959,3484,0,0.06,475,1
53025,295130,21,Business,15707,5742,0,0.12,817,1
50753,111158,26,Agriculture,16813,1691,0,0.16,494,1
77160,488001,71,Remittance,21342,7716,0,5.35,435,1
56174,35625,43,Salary,21257,605,0,1.1,646,0
34486,321163,27,Remittance,14197,3108,0,0.44,407,1
37334,112504,39,Business,8273,3910,0,0.53,381,1
41611,36444,37,Agriculture,13953,497,0,0.27,739,1
69943,106899,33,Salary,11545,1356,0,0.85,365,1
62849,174869,34,Business,20186,1683,0,0.74,791,1
73810,228967,59,Business,16806,2943,1,3.27,437,1
51455,41766,24,Salary,4246,361,0,5.64,358,1
63171,199233,35,Salary,27387,1876,0,0.46,708,1
72512,169167,44,Business,29101,3406,0,2.23,397,1
53813,220466,48,Business,10096,2102,1,1.32,501,1
69136,287543,68,Salary,31054,2489,0,1.6,493,1
46761,173978,70,Salary,9228,4374,0,0.8,579,1
52739,190666,34,Salary,13173,2447,0,2.84,560,1
52365,70821,48,Remittance,20682,1669,0,2.37,407,1
36083,26681,19,Other,6953,325,0,1.35,429,1
69739,168774,53,Salary,17205,7632,0,1.24,406,1
50612,389114,26,Salary,16513,4262,0,0.2,330,1
60250,597240,22,Salary,7728,10416,0,0.41,658,1
69615,648881,56,Salary,16448,8603,1,0.42,559,1
68931,364651,28,Remittance,13406,24650,0,0.07,359,1
73308,407030,45,Business,24221,4673,1,0.69,482,1
58030,202439,23,Salary,7562,3088,1,1.28,667,1
51534,404667,60,Salary,8560,5088,1,2.35,457,1
58406,453534,61,Salary,20045,9840,0,0.02,520,1
26253,223691,50,Agriculture,3618,8061,0,1.09,709,1
31058,279749,65,Business,7334,4739,0,3.93,669,1
33546,155194,42,Business,11532,1362,0,0.55,686,1
40055,311841,28,Salary,14549,8520,0,0.15,510,1
67995,554893,26,Remittance,7827,6529,0,2.17,566,1
41890,143698,30,Salary,16557,8267,0,0.78,766,1
52437,489122,29,Agriculture,18241,5462,0,1.53,780,1
85985,120056,36,Remittance,17673,3180,0,0.55,330,1
52875,525871,30,Salary,19173,8654,0,1.15,761,1
74750,584236,51,Remittance,26123,11297,0,4.4,792,1
41328,57284,26,Salary,12495,2368,0,0.6,819,1
55891,376380,53,Business,16020,7631,0,2.06,448,1
41000,33813,37,Salary,14425,679,0,1.43,576,0
53219,416001,57,Salary,23934,6083,0,2.47,323,1
76806,621562,47,Salary,22586,5312,0,2.38,360,1
25454,158398,69,Salary,9653,2524,0,1.3,609,1
68688,593476,43,Salary,24410,5358,0,3.92,413,1
64755,92593,34,Salary,25685,1497,1,0.06,423,1
48117,150186,51,Business,20843,6360,1,0.12,463,1
31079,137826,55,Salary,4707,3740,0,0.15,553,1
61443,55505,43,Salary,8677,991,0,1.3,384,0
49410,235095,49,Other,14672,4987,0,0.2,742,1
64654,195225,44,Remittance,15920,1850,0,1.1,668,1
60437,255708,35,Salary,17597,2998,0,1.38,736,1
92036,417703,35,Salary,34539,5610,1,1.26,810,1
55213,488879,69,Business,23451,7515,1,0.74,630,1
39530,121287,56,Agriculture,9268,2209,0,1.15,499,1
63586,571674,23,Salary,21978,7318,0,1.69,838,1
64400,292809,72,Agriculture,9841,11502,1,2.99,611,1
87184,315098,58,Salary,24218,10662,0,0.21,555,1
76702,404516,20,Salary,6755,9042,0,2.6,529,1
67137,300006,59,Agriculture,17884,9840,0,1.19,321,1
89266,262892,51,Business,25153,3088,0,0.15,826,1
36225,191103,70,Agriculture,12755,13022,1,0.8,751,1
47205,91678,45,Salary,15120,3129,1,0.9,685,1
41468,159375,47,Salary,8816,1456,0,1.08,421,1
52204,306699,35,Salary,4287,2561,0,1.12,811,1
32466,143739,36,Salary,3985,2223,0,3.87,397,1
72703,605410,53,Salary,31992,9243,0,1.03,433,1
55556,163271,65,Business,23404,1709,1,1.23,338,1
30584,297057,68,Business,6126,18673,0,0.23,458,1
39688,315712,61,Business,6976,5432,0,0.97,480,1
66270,642298,52,Salary,16002,28194,0,3.0,737,1
76763,649591,46,Salary,25737,11747,0,1.18,479,1
99935,184878,37,Business,21189,1563,1,0.59,826,1
118277,650686,61,Salary,12407,6967,0,0.28,466,1
68288,144415,36,Remittance,15640,1220,0,0.52,589,1
40209,332655,33,Salary,7094,3593,1,0.56,626,1
17359,105014,67,Business,3476,1352,0,0.19,756,1
65354,196243,51,Remittance,9169,2100,0,5.76,714,1
43741,408156,38,Business,14162,4907,0,0.63,778,1
51693,82412,67,Business,14208,1327,0,0.34,816,1
47758,279704,72,Business,8607,6416,0,0.6,364,1
57184,420296,36,Salary,16293,6165,0,0.31,351,1
81320,86123,47,Business,21330,2158,0,2.42,547,1
63141,390188,45,Remittance,23647,6044,0,0.72,382,1
56827,468883,57,Other,24647,16877,0,0.01,571,1
39287,44846,72,Salary,5042,614,0,0.84,625,1
26506,142239,49,Salary,10789,3695,0,1.68,452,1
50274,148625,63,Agriculture,17132,3400,0,0.0,354,1
58924,400553,51,Business,19813,6079,0,0.69,831,1
95359,155191,68,Salary,20835,5251,0,1.61,504,1
62605,588611,41,Salary,12975,5077,0,0.2,762,1
79655,716889,39,Salary,6539,11895,0,0.43,644,1
50014,113370,42,Salary,22177,2265,0,1.37,664,1
36301,129632,74,Salary,11050,8555,0,5.62,730,1
40698,247547,52,Salary,9314,2402,0,0.54,446,1
45495,333096,26,Salary,12793,4185,0,3.37,419,1
102569,482611,20,Remittance,9744,8471,0,3.05,849,1
43572,86480,47,Salary,6285,2245,1,0.84,668,1
76770,114344,63,Salary,23848,1236,0,0.85,461,1
41941,419317,45,Salary,11336,3675,0,0.15,655,1
78631,379461,49,Salary,29189,7142,0,0.26,516,1
67699,595010,63,Other,21917,22397,0,0.1,773,1
56867,289031,47,Remittance,17204,12148,0,6.09,580,1
59185,548195,69,Salary,22588,43209,0,2.02,472,1
46904,62557,54,Salary,4937,677,0,0.64,680,1
68921,109115,59,Salary,23132,925,1,0.64,713,1
50900,474974,62,Salary,17549,3984,0,1.57,505,1
35488,337178,53,Salary,6452,3487,0,4.74,714,1
34441,120193,20,Salary,5248,4072,0,1.24,429,1
63452,245817,42,Salary,10097,2090,0,0.53,431,1
91582,439436,26,Business,14041,9270,0,1.86,755,1
63200,281463,47,Salary,17304,5860,0,0.58,642,1
57627,132855,26,Salary,7502,1541,0,4.62,319,1
65717,593725,47,Salary,21288,34325,0,0.72,672,1
86120,250301,37,Salary,10238,2474,0,0.21,468,1
64388,463599,19,Salary,5792,3873,0,1.04,451,1
51781,58926,25,Salary,10260,616,0,1.63,533,0
82126,71297,46,Salary,12400,739,0,1.04,548,1
68575,460168,22,Salary,30571,8497,0,0.77,791,1
90715,337519,66,Agriculture,17427,17653,0,0.85,540,1
63665,428266,61,Remittance,10324,4388,1,1.01,463,1
35511,49474,58,Salary,5426,647,0,1.91,726,1
32637,310821,27,Salary,7125,2820,1,0.05,599,1
93019,707957,63,Agriculture,28293,28868,0,1.93,300,1
94473,833681,54,Business,34891,18545,0,0.27,648,1
56410,101339,40,Salary,12122,1989,0,0.11,576,1
52336,185349,18,Salary,16308,2160,0,0.12,616,1
89229,356851,48,Salary,23053,3676,0,1.21,401,1
37859,212129,63,Business,14886,1832,0,3.79,563,1
42105,139799,19,Salary,12233,3184,0,0.14,656,1
72867,78404,20,Salary,13645,1200,0,1.35,672,0
52108,208658,39,Salary,17734,13793,0,4.29,674,1
59898,174795,47,Salary,22966,4445,0,2.6,849,1
56731,236356,45,Salary,14308,4511,1,0.53,576,1
66751,158274,42,Business,29722,2079,0,2.41,536,1
88150,263394,32,Business,35724,4191,0,0.34,598,1
61812,399061,21,Salary,9449,7769,0,4.37,481,1
72879,305178,19,Salary,27045,3844,0,0.02,473,1
18997,71830,23,Agriculture,5744,708,0,1.0,680,1
59026,328899,57,Salary,16402,8632,0,0.35,472,1
43135,337862,62,Salary,11653,6891,0,1.24,712,1
35624,146032,42,Salary,14099,1657,0,0.03,710,1
42437,258078,22,Agriculture,12987,2688,0,0.6,825,1
53318,516061,41,Agriculture,14873,5102,0,1.8,372,1
78318,427523,74,Remittance,7681,12353,0,0.1,500,1
33472,306037,32,Business,8230,4357,0,7.92,725,1
60613,487322,45,Salary,25214,4463,0,1.18,536,1
50317,53227,48,Salary,17276,980,0,0.1,660,0
53447,244597,36,Salary,5283,4186,0,0.46,705,1
80055,571114,42,Business,32589,4825,0,2.28,787,1
70762,698687,44,Business,27305,28860,1,0.14,424,1
86748,421125,45,Salary,24487,4774,0,1.95,443,1
56910,78619,58,Remittance,5025,757,0,1.53,559,1
46081,269071,51,Salary,13276,9513,0,0.24,578,1
55523,94520,21,Salary,5563,1060,0,2.92,798,1
64850,495417,18,Salary,12875,7897,0,2.89,321,1
63531,338171,41,Remittance,19866,3248,0,0.44,435,1
38312,282459,69,Remittance,16006,2568,0,1.38,802,1
61810,541390,20,Salary,13127,5096,0,1.5,638,1
64565,418059,22,Other,25710,22057,0,0.73,672,1
110349,697204,56,Remittance,46324,7438,0,0.15,437,1
97537,747954,43,Agriculture,8562,6707,1,1.25,643,1
42935,365090,31,Remittance,7238,4615,0,0.98,503,1
54252,475031,29,Salary,18589,6178,0,0.99,703,1
30731,26001,55,Agriculture,11064,1542,0,0.42,349,1
48186,278699,47,Business,10851,2668,0,0.0,456,1
66312,169398,54,Agriculture,21419,9958,0,2.41,655,1
84117,729571,33,Salary,25782,15909,0,2.72,632,1
45418,302474,48,Agriculture,16065,2701,0,1.87,763,1
46917,210756,67,Other,16229,1839,0,1.04,741,1
17054,39002,36,Salary,1906,327,0,1.03,307,1
56747,211140,40,Other,7862,3328,0,0.73,349,1
38752,278468,27,Salary,5003,8936,0,0.18,495,1
49411,120633,54,Salary,21001,1865,1,4.26,828,1
42463,58983,19,Salary,17750,2559,0,0.37,562,1
58115,519332,32,Agriculture,21796,4889,1,0.09,791,1
24845,192797,58,Business,3061,2658,1,0.39,332,1
30659,73522,19,Salary,8967,1320,0,0.61,830,1
102585,336167,74,Business,15313,16327,0,0.72,333,1
34252,333432,41,Salary,7409,5979,1,0.86,745,1
38064,275117,40,Salary,6807,2607,0,2.29,783,1
96738,609445,48,Remittance,37409,6928,0,5.1,462,1
118101,404197,54,Business,15760,19335,0,1.63,465,1
36569,122202,44,Agriculture,11669,4175,0,4.81,620,1
52635,46081,68,Business,23372,848,1,0.36,697,1
66831,495925,72,Other,22336,21610,0,1.66,366,1
94574,86078,29,Salary,10338,763,1,0.31,430,1
40263,21989,58,Salary,16746,267,0,1.69,715,0
55094,409360,35,Salary,17517,18406,0,0.2,744,1
75547,718777,74,Business,18799,7402,0,0.31,384,1
68695,528043,32,Business,22263,10196,1,0.28,790,1
52477,261366,34,Agriculture,21266,6798,1,0.86,777,1
57324,293352,58,Salary,14706,3988,1,1.96,778,1
32502,150916,62,Salary,8990,11225,0,0.02,432,1
55237,197976,25,Business,13666,3180,0,3.14,668,1
54672,298306,49,Other,5842,2892,0,0.2,388,1
64643,297095,37,Salary,23997,2647,1,1.52,408,1
48893,302286,52,Salary,6198,6170,0,0.56,339,1
69431,627111,49,Salary,15691,7706,0,0.11,571,1
80254,798735,74,Salary,17907,21885,0,0.46,691,1
63109,78764,71,Salary,11588,1086,0,0.21,409,1
67035,278496,55,Salary,15346,7062,0,0.44,402,1
61063,135359,56,Business,18848,1836,0,0.01,452,1
60002,230716,69,Salary,11713,7553,0,2.13,408,1
45569,147233,28,Salary,6554,1295,0,2.16,758,1
66330,143147,59,Salary,26643,1328,0,3.13,393,1
58054,450425,62,Remittance,25498,9309,0,2.15,453,1
101863,531189,25,Salary,25433,5540,0,6.21,468,1
91467,844500,68,Salary,18385,37845,0,0.08,411,1
67717,54826,57,Salary,6607,596,0,0.07,818,0
44739,50837,37,Business,4189,1196,0,0.18,415,1
37752,163508,45,Remittance,8508,6136,0,0.67,568,1
83823,105838,45,Salary,35557,1242,1,1.56,611,1
65255,195499,70,Salary,22863,3116,0,0.11,443,1
69603,686792,73,Salary,14563,9917,0,1.11,559,1
25108,62396,63,Business,11002,915,0,2.55,393,1
78549,187113,55,Remittance,18745,10158,0,3.69,566,1
69088,411045,23,Salary,12603,23423,1,0.46,310,1
37791,197684,70,Salary,8985,2570,1,2.65,541,1
50570,304136,25,Agriculture,8004,3832,0,0.89,501,1
65274,266252,27,Agriculture,26611,15575,1,0.17,493,1
61049,510018,21,Salary,13042,9646,0,0.18,360,1
54157,98377,72,Salary,17517,1258,0,0.53,850,1
57930,264724,46,Salary,12973,3192,0,0.64,314,1
54960,387618,31,Agriculture,22734,3821,0,0.28,380,1
63051,551586,22,Business,20030,9603,0,1.07,356,1
89430,358697,41,Business,23310,5037,0,1.26,838,1
8667,51080,59,Agriculture,1117,686,0,2.32,475,1
55263,63930,74,Salary,22863,1399,0,0.27,537,1
63530,134559,49,Salary,17936,7554,0,1.91,713,1
65920,76257,52,Salary,12226,6122,0,0.96,327,1
52562,389740,65,Remittance,21279,3810,0,1.5,336,1
24866,80481,69,Business,2490,2393,0,1.18,400,1
66560,490919,33,Salary,13060,6131,0,1.39,673,1
94547,106912,74,Salary,26343,1439,0,1.32,839,1
29323,254940,47,Agriculture,6033,4622,0,4.3,641,1
77277,652028,71,Agriculture,19813,6391,0,0.69,780,1
53429,71853,24,Business,9500,822,0,0.21,785,0
58774,42652,23,Salary,7531,2950,1,0.18,452,1
38942,40295,68,Remittance,3646,420,0,1.0,401,1
53311,458980,56,Agriculture,7374,6875,0,0.46,388,1
86001,234755,27,Business,37203,4745,0,0.54,737,1
71653,409038,69,Business,20987,4520,0,0.05,668,1
94646,430575,23,Remittance,24695,5001,0,0.88,776,1
83548,673187,56,Remittance,18564,14781,0,2.32,579,1
68782,353851,29,Business,23531,2994,0,0.65,838,1
94879,498710,22,Salary,12549,6077,1,0.5,792,1
68780,680673,63,Salary,12530,8791,0,0.44,745,1
76560,147472,66,Agriculture,24705,7544,0,0.66,742,1
54069,453730,24,Business,13909,10760,1,4.61,368,1
61331,60817,23,Salary,22382,1009,0,0.56,710,0
46052,231994,53,Salary,18970,2896,1,0.01,821,1
79792,711759,19,Remittance,30692,10564,0,2.0,460,1
36434,248463,60,Remittance,5398,2632,0,0.02,749,1
75647,530251,70,Other,8612,13139,1,1.6,492,1
56187,168646,60,Salary,8017,1920,0,1.53,416,1
83425,373449,31,Agriculture,30859,3727,1,2.94,702,1
75017,298757,28,Agriculture,31366,3157,0,0.19,391,1
96413,525809,56,Salary,40726,5520,1,0.72,565,1
74615,364954,21,Salary,14202,3380,0,4.39,815,1
28559,102970,48,Other,11164,4882,0,0.64,386,1
58661,199569,43,Salary,16332,2286,0,0.25,385,1
36560,105406,60,Business,14055,904,1,3.42,819,1
49634,196945,29,Business,14041,2663,0,0.59,728,1
90225,173633,61,Business,12088,4895,0,0.06,554,1
72751,639117,57,Salary,7953,5332,1,1.01,523,1
46021,286257,31,Agriculture,19981,9274,0,1.49,831,1
39726,70354,38,Salary,9437,1458,0,0.4,698,1
60656,430152,21,Agriculture,12719,14065,0,0.8,800,1
35669,305071,43,Salary,7556,4907,0,1.38,350,1
46577,128394,32,Business,10257,2243,0,1.43,592,1
66240,127890,24,Agriculture,28460,1966,0,1.16,699,1
83106,48356,49,Salary,8577,431,0,0.09,319,1
72175,68485,50,Salary,8954,1076,0,0.26,582,1
14174,109726,22,Agriculture,5275,1624,0,2.42,330,1
66087,652825,28,Salary,18721,6058,0,1.34,796,1
61441,56917,22,Salary,7837,567,0,1.16,675,0
68278,519368,56,Salary,6333,13707,0,3.07,403,1
92324,109191,37,Remittance,15046,8151,0,0.81,587,0
18735,114757,22,Business,3307,1435,0,0.91,360,1
48178,370138,28,Salary,4108,3585,0,0.32,742,1
71818,280984,73,Other,11488,3918,0,0.83,408,1
28368,17131,32,Salary,10019,492,0,0.86,634,1
89519,550927,57,Salary,35495,5984,1,0.12,343,1
67367,668067,44,Salary,27779,7924,0,1.12,387,1
76932,226747,28,Salary,17253,3105,1,0.29,840,1
48581,111744,35,Salary,9628,1062,0,2.47,512,1
76275,127936,18,Business,34320,1323,0,0.58,367,1
81369,469900,60,Salary,29672,5585,1,0.95,685,1
64658,398696,37,Business,18028,4758,0,1.2,410,1
64688,519223,46,Salary,11273,6217,0,0.14,624,1
65407,500638,26,Salary,13008,7285,0,1.86,746,1
42733,383706,64,Salary,11567,6178,0,2.52,676,1
57049,465226,30,Business,16006,5249,0,0.5,435,1
56950,162253,50,Agriculture,4844,2082,0,1.05,430,1
67668,391178,67,Salary,29434,6026,0,0.85,422,1
79996,266020,58,Salary,23437,10359,0,0.6,648,1
38829,141064,52,Salary,11571,1606,0,0.94,670,1
57500,537825,68,Agriculture,9099,6577,0,1.74,587,1
89629,625432,28,Salary,32539,12774,0,0.55,519,1
45128,440387,72,Agriculture,15921,8723,0,0.51,334,1
43555,194284,49,Salary,5018,5027,1,2.88,760,1
64046,359020,41,Salary,19223,3098,0,0.13,663,1
76888,394251,32,Agriculture,24876,3758,1,0.99,651,1
60229,91502,60,Salary,23439,1260,0,1.34,357,1
86579,237977,73,Salary,13528,4297,0,2.51,458,1
77136,425216,57,Other,31219,4643,0,2.81,467,1
76836,87597,19,Salary,19266,1270,1,0.32,629,1
71082,664538,44,Salary,8225,5661,1,2.83,733,1
106553,178638,59,Salary,12688,9950,0,2.3,777,1
55897,133081,40,Salary,8563,8475,0,0.17,587,1
19930,154867,62,Agriculture,3679,2110,0,1.64,500,1
92085,130842,58,Salary,24280,3853,0,0.55,524,1
50846,460291,21,Remittance,18154,5957,0,1.17,705,1
62158,459606,49,Business,9267,4768,0,1.0,475,1
86191,99283,27,Other,38552,3689,1,2.57,529,0
27955,197713,45,Agriculture,3907,3318,0,0.48,733,1
34967,227302,39,Remittance,10552,2632,0,0.83,599,1
27974,215255,63,Business,11853,2109,1,0.47,557,1
44117,369166,67,Salary,17119,5627,0,4.84,704,1
68793,503863,44,Salary,21994,14705,0,0.03,459,1
70484,427744,48,Business,24298,5683,0,1.65,333,1
65525,233492,53,Salary,8496,3822,1,10.89,734,1
31745,226155,55,Agriculture,2653,2371,0,1.16,550,1
13798,132340,54,Salary,3320,1838,0,1.71,479,1
61087,371498,62,Agriculture,6910,8808,0,3.48,352,1
50564,344405,73,Salary,10738,3684,0,0.44,810,1
69188,321912,65,Remittance,11263,4740,0,0.14,699,1
74039,568853,25,Salary,31026,18247,1,0.32,451,1
62765,626259,45,Salary,25459,8601,0,1.07,634,1
75203,152188,44,Agriculture,28803,1330,0,0.98,555,1
64584,156477,47,Agriculture,22227,1774,0,1.85,480,1
70601,397107,48,Agriculture,9673,8970,0,0.49,471,1
45907,232889,58,Other,4494,2623,0,2.37,342,1
56408,334495,41,Salary,18160,7866,0,0.23,837,1
63936,61775,33,Agriculture,20308,875,0,0.39,810,0
76411,331672,44,Salary,16557,4816,0,0.74,779,1
52125,314746,66,Business,13286,8129,0,1.44,473,1
70423,426715,35,Salary,18379,8608,0,0.25,849,1
54683,368819,19,Salary,9229,3242,1,3.3,451,1
57649,423262,73,Business,11313,10835,1,1.66,754,1
76590,505088,29,Agriculture,17984,5127,0,1.03,355,1
20139,161259,52,Salary,6106,1918,0,0.9,471,1
34071,219255,63,Remittance,14775,3154,0,0.36,618,1
30356,170186,33,Business,8477,6338,0,0.25,833,1
13328,83418,37,Salary,4672,2447,0,1.38,446,1
46435,67857,33,Business,17580,2166,0,0.37,538,0
74989,232090,26,Salary,9149,3079,1,0.43,764,1
54302,299220,26,Salary,17467,2555,0,3.69,560,1
63956,562389,28,Business,16525,5269,0,0.51,676,1
81784,568480,44,Salary,23865,38601,0,0.19,530,1
86554,117616,48,Salary,8155,2830,0,0.21,302,1
58617,359124,18,Agriculture,24344,12391,0,0.73,455,1
87072,226954,66,Salary,37661,1934,1,0.88,611,1
61843,462162,56,Agriculture,5027,12342,0,0.29,310,1
43252,361616,22,Agriculture,6866,10717,0,2.57,427,1
48112,295303,66,Salary,7057,3735,0,1.32,825,1
30389,185918,19,Business,11216,2580,1,0.71,308,1
42237,156979,49,Salary,12726,4314,0,1.14,436,1
52840,250429,44,Business,7694,2967,0,0.29,641,1
76072,662513,46,Salary,28996,29475,0,2.0,610,1
94415,695984,72,Remittance,19901,49389,0,0.64,412,1
32356,175941,70,Salary,8106,8418,0,1.0,332,1
67857,271306,33,Business,15153,5278,0,1.74,795,1
39189,38351,51,Salary,10695,327,0,0.31,603,0
69494,129159,72,Salary,17905,1817,0,0.03,615,1
57378,133905,59,Salary,10420,1432,1,0.48,331,1
23382,94630,68,Business,5544,2025,0,2.84,415,1
78566,743970,42,Other,32690,8295,1,0.34,340,1
47900,253820,34,Salary,12745,2182,0,1.25,839,1
49322,134697,47,Salary,20669,2660,0,1.75,724,1
38605,58086,64,Salary,10946,484,0,0.36,601,1
46914,174234,70,Salary,17098,2152,0,1.85,675,1
68558,565565,57,Remittance,12932,6091,0,3.68,391,1
56215,232829,58,Remittance,20937,5934,0,0.11,844,1
66573,521853,47,Remittance,11837,6407,1,0.63,585,1
67238,546356,36,Salary,5865,8132,1,0.09,584,1
86413,134182,42,Salary,12052,1164,0,2.5,828,1
53144,333865,46,Agriculture,4677,3043,0,1.75,352,1
30463,292792,64,Salary,13112,5339,0,0.32,533,1
81344,351431,49,Business,36604,3076,0,1.22,348,1
53370,52514,63,Salary,19321,488,0,0.65,534,0
82292,762960,19,Salary,9876,10071,0,0.4,447,1
67668,601895,61,Remittance,27920,28842,0,1.49,554,1
57377,313298,46,Salary,20380,10669,0,0.37,686,1
66976,384871,74,Other,13591,18957,0,0.66,454,1
99020,248693,44,Salary,26324,10510,1,0.35,328,1
101540,841237,45,Salary,32985,7159,0,1.4,389,1
61388,321471,25,Salary,5457,9207,0,0.41,694,1
63204,51944,63,Salary,16785,600,0,0.58,618,0
81525,569749,57,Business,28614,7056,0,0.96,839,1
43087,410607,67,Salary,6448,5122,0,0.46,792,1
66661,558415,23,Business,16279,16269,0,0.68,388,1
59483,186383,30,Remittance,16479,2499,1,5.62,705,1
66278,66715,67,Salary,23340,839,0,0.82,349,1
43333,408775,20,Salary,18930,5554,0,0.59,352,1
28209,265224,46,Salary,11110,8261,0,1.21,737,1
18540,103044,41,Agriculture,5747,1144,1,2.06,520,1
37652,248579,71,Business,11143,12485,0,1.39,849,1
50826,248778,66,Salary,15409,3280,0,2.89,302,1
54136,242950,69,Business,15251,4110,1,1.83,576,1
98745,161424,34,Salary,10068,4136,0,0.43,469,1
82120,116541,51,Salary,27787,1175,0,0.57,842,1
40758,110493,57,Salary,14063,3565,0,0.16,668,1
66954,565633,73,Other,18052,5016,0,2.03,725,1
51858,97773,18,Salary,20849,909,1,0.08,459,1
54313,144127,73,Salary,17858,2829,0,2.26,792,1
63707,363884,38,Salary,13645,8094,0,0.62,763,1
72383,184124,25,Business,6318,6858,0,1.47,732,1
53215,109115,53,Salary,5422,983,0,0.24,563,1
81277,475593,62,Salary,17082,5962,0,0.33,807,1
37161,148528,25,Salary,9327,9624,1,3.76,668,1
60127,387730,20,Business,8523,5771,0,1.79,336,1
111953,1026156,69,Salary,16799,48253,1,0.27,787,1
64462,124698,71,Remittance,10648,1686,0,0.26,311,1
88664,813724,26,Salary,32698,12151,0,2.08,676,1
61830,561024,69,Salary,22591,26783,0,0.53,437,1
71616,599879,69,Other,15876,5992,0,5.86,794,1
58864,382452,74,Agriculture,8463,9483,0,0.77,702,1
56592,361702,30,Salary,6850,5132,0,4.68,745,1
44410,291886,50,Agriculture,4984,3603,0,0.5,685,1
68606,484338,74,Business,15421,4178,0,2.59,612,1
42969,28213,69,Salary,4162,432,0,0.28,775,0
73312,703933,52,Agriculture,14915,6338,0,1.75,463,1
81706,495403,29,Agriculture,35605,9844,0,3.76,591,1
67331,533526,22,Salary,18030,5100,0,0.92,464,1
54275,221669,32,Business,20862,5916,0,0.43,362,1
69079,42675,21,Salary,8830,483,0,0.91,782,0
53827,287570,29,Salary,9645,13332,1,0.4,573,1
78711,418609,22,Other,33863,3533,1,2.14,329,1
23372,108712,61,Business,5187,945,0,0.11,754,1
53288,198621,51,Business,17047,3324,0,0.24,818,1
20184,57996,47,Business,8905,846,1,0.23,664,1
30099,165896,64,Business,8542,2167,0,0.9,480,1
87277,354793,41,Salary,16843,8507,0,0.17,773,1
77904,756787,40,Other,21565,8920,0,0.17,707,1
45610,97734,29,Business,4571,1118,0,1.87,456,1
29950,105928,43,Business,3641,1542,0,0.15,481,1
5000,16463,27,Salary,413,589,0,1.47,844,1
49130,278146,51,Salary,20004,2500,0,0.32,825,1
108408,568401,74,Salary,35598,23271,1,0.04,672,1
68698,454474,48,Salary,13079,5684,0,0.44,320,1
48809,464907,35,Salary,7899,20097,0,1.38,426,1
69302,222432,57,Business,23059,8007,0,0.54,494,1
28781,203808,64,Remittance,12095,14334,0,0.15,595,1
54054,39885,44,Salary,10307,778,0,0.96,777,1
61990,185517,32,Salary,12335,2288,1,1.8,767,1
58278,285873,58,Business,23082,4184,0,0.83,451,1
75816,60232,28,Salary,31126,710,0,5.78,359,0
66893,425965,74,Remittance,27974,5017,1,1.27,451,1
73367,509457,36,Salary,13827,18772,0,0.98,429,1
46233,351091,37,Salary,5757,19299,0,0.51,795,1
77956,421544,59,Salary,18928,5300,0,0.78,307,1
92579,577459,18,Remittance,17538,6995,0,0.68,757,1
40597,173050,29,Salary,16524,2399,0,2.48,661,1
42246,37679,25,Business,3952,978,0,0.33,358,1
86716,125699,40,Salary,27275,1263,0,3.12,677,1
56173,377621,49,Salary,23328,18718,0,1.13,619,1
88076,877041,28,Remittance,38874,10923,0,1.74,302,1
51149,33254,37,Salary,16396,1330,1,2.34,423,1
89101,516522,62,Salary,38445,6247,1,1.74,491,1
62630,478154,71,Business,6764,8372,0,0.75,418,1
65165,544412,18,Remittance,13876,6079,1,0.01,618,1
91294,518499,53,Salary,7598,29399,1,5.8,639,1
52765,337126,19,Salary,23377,4686,0,0.3,393,1
41178,293142,47,Other,17048,10603,0,0.2,368,1
51029,441920,68,Business,4612,5157,0,1.57,661,1
69047,114739,63,Remittance,5987,4598,0,1.47,558,1
28685,266734,31,Agriculture,6190,13372,0,0.24,446,1
72749,54356,32,Business,12779,611,0,4.51,440,0
49225,415651,62,Salary,19363,22037,0,1.9,321,1
82956,101956,64,Salary,11562,2813,0,2.47,770,1
12115,28458,34,Agriculture,4513,282,0,0.24,763,1
44269,23772,18,Agriculture,12623,239,1,0.15,605,0
26271,124260,43,Other,5770,1192,1,1.47,492,1
43475,159832,53,Business,5822,3385,0,0.28,418,1
64953,134903,43,Salary,29173,1954,0,0.46,469,1
56415,269966,71,Salary,17413,2826,0,3.17,810,1
54932,237445,64,Business,13325,8862,0,0.04,348,1
56816,442755,62,Salary,12347,4907,0,2.52,753,1
64068,575634,19,Agriculture,26596,25551,0,0.57,467,1
39829,266830,66,Business,15288,2412,1,0.92,446,1
74137,124691,61,Salary,28182,1543,0,2.41,746,1
73253,242190,40,Business,22561,3710,0,2.04,829,1
67701,621260,51,Business,27659,9654,0,5.42,846,1
71131,95527,64,Remittance,13567,3024,0,5.72,447,1
65928,287784,69,Salary,22440,5830,0,0.78,625,1
100701,952006,49,Business,23126,10516,0,0.41,461,1
58258,555275,20,Salary,17594,7885,0,0.38,406,1
53858,237322,53,Business,24199,3431,1,1.78,512,1
44929,307327,56,Salary,19961,9289,0,0.69,334,1
39355,190442,21,Remittance,10613,2200,0,0.81,390,1
35111,268876,64,Remittance,10264,4948,1,1.65,628,1
42224,33780,29,Business,17397,1064,0,1.82,678,0
58586,109526,68,Business,26052,961,0,0.87,449,1
66686,422448,49,Salary,24546,6330,0,1.88,607,1
61023,165326,36,Business,6354,2395,0,1.09,721,1
44689,305114,21,Salary,8910,2586,0,0.41,792,1
78004,299272,19,Agriculture,32116,5803,0,0.54,613,1
74788,667343,60,Salary,27245,5862,0,1.99,432,1
56807,470530,39,Agriculture,20145,5405,0,0.15,692,1
46942,243252,65,Salary,15356,3026,0,2.24,393,1
70969,556575,31,Business,16582,14915,0,0.53,376,1
63759,196111,70,Business,14614,11149,1,0.15,497,1
31037,161252,71,Salary,11772,2720,0,4.6,481,1
58640,139333,23,Salary,11065,10637,0,1.47,380,1
65241,566189,54,Agriculture,21751,28787,0,0.01,328,1
42006,349454,71,Business,14647,4580,0,0.19,821,1
63797,578666,36,Salary,25039,6412,0,1.14,673,1
30904,273069,21,Salary,6130,9060,0,0.07,695,1
86724,833952,67,Salary,30744,9153,0,0.5,336,1
84959,226772,45,Business,10144,1979,0,0.82,738,1
54950,513911,19,Business,7203,5570,0,2.56,500,1
67269,398671,65,Salary,15769,4121,1,0.54,712,1
11802,53271,56,Business,1185,608,0,1.18,570,1
36873,214732,22,Agriculture,15879,5920,0,1.63,433,1
54124,203221,32,Agriculture,22391,3987,1,0.24,444,1
38557,124973,19,Salary,3783,1091,0,1.2,377,1
74288,207448,72,Salary,28985,2487,0,0.97,757,1
99946,128237,19,Salary,26814,1319,0,1.05,536,1
36468,190267,63,Salary,12389,1632,0,0.24,729,1
43251,386393,47,Salary,17654,10444,0,1.05,756,1
64709,419731,51,Salary,18991,8980,0,0.2,392,1
92222,502542,64,Salary,11347,6156,0,0.91,482,1
35553,162535,69,Business,2878,11109,0,4.95,368,1
64981,319175,25,Salary,17146,4331,0,0.35,305,1
96426,239921,19,Agriculture,41580,2415,0,2.36,843,1
26965,224292,25,Salary,7870,2878,1,0.41,663,1
34379,81981,56,Business,7494,1867,1,1.44,548,1
51528,376562,50,Salary,4712,4175,0,0.92,410,1
49588,382812,22,Agriculture,20755,13784,0,3.3,625,1
76252,454558,31,Agriculture,15330,4184,0,0.49,599,1
64833,563905,48,Salary,22093,24626,0,4.43,422,1
24501,79995,59,Business,8254,760,0,0.45,308,1
70308,624009,37,Salary,12229,9489,0,2.24,558,1
48449,359947,72,Business,5019,6175,0,1.31,580,1
85489,691446,74,Salary,19017,10465,0,0.49,739,1
47448,323287,61,Salary,9363,9615,0,2.05,516,1
47268,403681,43,Salary,16028,6571,1,10.11,353,1
70823,703587,67,Remittance,27148,6780,0,1.18,785,1
75259,338029,59,Salary,12215,3432,0,2.4,527,1
68962,567709,47,Business,18995,19173,0,0.34,697,1
26288,199092,43,Salary,2498,2350,0,1.27,323,1
70761,339813,65,Salary,11270,3251,0,2.81,319,1
39314,365857,49,Salary,14226,3639,0,6.2,312,1
64706,274809,28,Remittance,24171,4741,0,0.35,735,1
31525,185112,74,Agriculture,11578,10766,0,1.84,432,1
68926,103834,21,Salary,9145,922,0,0.39,735,0
43868,116025,57,Agriculture,12453,2119,1,0.03,820,1
34347,291490,55,Salary,8120,5717,0,0.62,665,1
74276,316954,51,Salary,33190,3371,0,3.39,843,1
64833,275138,20,Business,20877,6792,0,0.42,812,1
47720,135373,46,Salary,20330,1325,0,0.34,698,1
89024,460281,68,Salary,11910,22771,0,1.18,742,1
51187,417443,31,Business,12634,4538,0,1.0,632,1
60642,546024,57,Salary,22164,4695,0,0.52,420,1
65378,76236,66,Remittance,14129,638,1,0.02,356,1
47607,283776,72,Business,14950,2539,0,0.59,510,1
69423,342887,47,Agriculture,18698,3233,0,1.02,561,1
49331,312545,35,Business,22052,7421,0,0.74,492,1
51767,245848,57,Remittance,7472,2112,0,0.16,356,1
87253,374065,45,Salary,37177,3334,0,0.17,578,1
39188,195269,53,Business,8958,2801,0,0.11,574,1
11744,70804,60,Business,2973,1277,0,0.21,825,1
92219,485011,58,Remittance,25414,20378,0,0.57,825,1
110987,553312,31,Salary,19776,7301,0,0.17,639,1
51895,429142,61,Business,22655,4896,1,2.31,768,1
21263,161251,48,Agriculture,8872,2899,0,0.35,472,1
53790,201341,71,Salary,23666,3605,0,0.18,834,1
54276,439933,55,Remittance,24362,5952,0,2.25,818,1
56202,483881,68,Salary,18424,32257,0,0.47,369,1
37732,73886,73,Salary,9324,640,1,0.58,685,1
71591,432086,74,Business,28262,9977,1,0.22,552,1
70490,226306,60,Salary,6260,8315,1,0.79,446,1
30112,226507,52,Salary,11705,17987,1,1.44,527,1
73984,204822,24,Salary,19531,1959,0,0.38,799,1
101054,695083,40,Salary,33256,6606,0,0.17,809,1
63439,185476,45,Agriculture,13855,8320,0,0.25,489,1
53253,285216,62,Remittance,11523,10028,0,5.69,554,1
57160,543714,51,Business,5244,9006,0,0.47,584,1
72305,298072,43,Salary,17122,9298,0,3.43,704,1
25387,223901,26,Business,5867,2448,0,0.34,564,1
63288,625031,58,Remittance,10327,34214,0,6.23,518,1
52191,459859,42,Agriculture,8951,6443,0,0.73,808,1
96957,201256,20,Salary,28712,3773,1,1.28,505,1
56517,468342,34,Salary,11166,7528,0,0.12,446,1
93358,75192,68,Remittance,36148,1299,0,0.82,480,0
37925,160664,24,Remittance,4597,5629,1,0.91,483,1
71745,629345,41,Salary,21074,17584,1,5.79,605,1
66388,467580,47,Agriculture,9242,24610,0,2.99,663,1
42619,237006,22,Salary,11739,9693,0,1.1,374,1
63548,265930,27,Salary,18076,2261,0,2.91,788,1
84250,692267,71,Agriculture,26762,16398,0,0.07,439,1
53524,387557,51,Business,12747,8582,0,5.33,363,1
26161,129493,29,Salary,7024,5033,0,1.33,668,1
59649,535565,27,Remittance,8766,5724,0,3.05,415,1
41952,112620,42,Agriculture,10543,1007,0,1.11,713,1
53153,112616,59,Salary,11588,1157,0,4.25,822,1
58368,385616,59,Business,19055,4934,0,2.25,681,1
25887,251983,29,Agriculture,6236,2524,0,4.02,728,1
27687,78879,59,Business,10199,1417,0,2.04,572,1
69641,200000,69,Other,16548,1908,0,1.38,490,1
49546,90433,30,Business,8286,921,0,2.03,637,1
8705,75519,19,Salary,1578,6197,1,2.19,497,1
75697,200656,72,Salary,7324,3102,1,2.09,782,1
65447,345573,47,Agriculture,18310,8516,0,3.77,558,1
45723,453265,62,Other,17714,21267,0,3.02,574,1
33663,20714,36,Salary,12273,200,0,3.82,671,0
76716,443926,35,Salary,18564,34524,1,0.57,404,1
66987,359502,30,Agriculture,10220,3957,0,5.09,609,1
107652,879598,30,Salary,43006,7409,0,0.99,715,1
68404,265077,44,Salary,6909,4138,0,0.35,727,1
67754,297999,24,Remittance,15428,5720,0,0.32,423,1
56661,118728,65,Agriculture,22491,1533,0,0.92,329,1
76336,575401,47,Remittance,17212,5818,0,0.32,407,1
72502,576734,70,Business,8962,15198,0,0.7,751,1
85035,152919,46,Salary,15170,3913,0,3.48,446,1
49574,210087,35,Remittance,14972,2708,0,0.28,331,1
51292,460735,47,Salary,6989,4059,0,1.45,629,1
50418,26506,26,Salary,16251,599,1,1.18,785,0
75816,253090,64,Remittance,18357,4803,0,0.12,423,1
89967,519371,59,Business,18328,4354,1,0.65,323,1
50823,186718,26,Remittance,8596,6017,0,1.8,377,1
51505,158864,51,Salary,19810,7821,1,2.47,370,1
66282,322817,48,Other,15031,4265,1,1.17,412,1
55085,122535,29,Business,19458,8381,1,1.28,399,1
79041,437211,24,Business,19202,13886,1,3.36,650,1
14964,107944,61,Remittance,1706,1363,0,2.87,422,1
43466,259288,33,Salary,10562,3115,0,0.34,602,1
44352,61407,47,Agriculture,11879,915,0,0.6,521,1
13593,115838,32,Business,3390,2167,0,1.58,660,1
40727,88064,55,Agriculture,15558,1186,1,1.1,661,1
41697,323807,20,Remittance,17388,3974,0,1.58,626,1
55978,219734,38,Business,20774,2225,0,1.07,791,1
82259,652827,49,Salary,24318,6688,1,1.56,408,1
55099,135521,43,Salary,15446,1617,0,1.12,589,1
39384,89531,52,Other,12544,825,0,0.51,517,1
58861,307357,28,Other,10977,2998,0,3.89,593,1
80983,65830,43,Other,30805,2494,0,0.14,377,1
40481,106883,61,Salary,16072,927,1,0.76,475,1
41789,308324,37,Salary,7475,2847,0,1.31,818,1
71171,601761,26,Agriculture,29468,12897,0,3.15,741,1
55569,70432,66,Agriculture,21896,4967,0,1.06,534,1
72950,647777,62,Salary,17294,8388,0,0.03,360,1
59727,482380,56,Business,24866,8128,0,2.95,657,1
74033,648677,63,Salary,9222,6979,1,2.15,465,1
39298,280394,62,Salary,3551,4084,0,1.03,481,1
59758,412596,60,Salary,12472,20364,0,1.13,353,1
55786,306175,47,Salary,16134,7968,0,0.65,459,1
35682,239122,19,Salary,7494,2228,0,3.9,418,1
28730,265222,52,Remittance,12313,16504,0,0.21,318,1
73715,107252,33,Agriculture,12844,1171,0,1.7,623,1
52981,185421,62,Remittance,9751,4260,0,1.16,834,1
39554,47003,44,Salary,12455,772,1,1.45,369,1
58076,550308,69,Salary,4729,7935,0,1.62,328,1
82560,390511,51,Salary,28830,10011,0,2.86,355,1
14385,99483,49,Business,3160,1207,0,0.1,600,1
30067,255288,70,Salary,13283,2938,0,2.84,755,1
41542,411868,45,Agriculture,13951,19440,0,0.73,470,1
89224,181743,39,Agriculture,8862,3469,0,2.77,365,1
65652,531477,39,Remittance,7502,5752,0,0.71,352,1
75346,672879,67,Salary,8486,7482,0,1.81,635,1
37197,35870,61,Business,16087,507,0,0.37,496,0
37609,288230,27,Salary,12528,3003,0,4.12,493,1
68956,266852,46,Salary,16426,11295,0,1.92,431,1
61165,407461,39,Agriculture,9430,16452,0,0.02,793,1
70975,382091,54,Business,28620,4603,0,0.11,506,1
56247,166916,20,Agriculture,8694,1921,0,0.45,689,1
65563,117004,58,Salary,22388,1170,1,1.29,709,1
63162,101754,60,Other,22892,3225,0,0.66,332,1
75555,111940,30,Other,14282,1651,0,0.25,436,1
76140,499403,26,Salary,20316,5990,0,1.53,793,1
27603,105951,53,Remittance,4486,2930,0,1.28,786,1
15055,38511,32,Salary,3315,568,0,2.81,528,1
80035,566080,71,Agriculture,34983,6993,0,0.55,386,1
83755,588385,62,Remittance,28180,16734,0,1.39,464,1
39588,222568,72,Agriculture,15568,4234,0,3.64,823,1
22803,213940,48,Agriculture,6385,6050,0,3.46,670,1
61981,257930,71,Salary,10440,2355,0,0.18,341,1
78617,663582,18,Agriculture,27026,17661,0,2.61,695,1
95952,116469,34,Business,25447,4649,0,0.29,380,1
70326,529442,18,Salary,10228,33516,0,0.27,467,1
52566,519891,56,Salary,12227,30845,0,0.01,565,1
42137,359963,47,Agriculture,13269,11011,0,3.84,493,1
60229,361784,34,Business,21205,4657,0,0.56,684,1
54015,348628,35,Business,9182,25070,0,0.97,386,1
39699,153089,54,Remittance,16043,3563,0,1.68,783,1
100975,702292,28,Business,22258,38414,0,0.02,626,1
95703,748278,47,Salary,17257,13459,0,1.14,468,1
82721,825818,52,Salary,12590,47884,0,0.35,827,1
41583,215333,31,Business,15699,2774,0,0.85,563,1
77100,83452,31,Agriculture,16271,966,0,1.02,529,1
72793,448452,38,Business,18843,4929,0,0.15,311,1
68851,112277,51,Business,11184,3099,0,2.92,848,1
84993,240128,32,Agriculture,28375,2270,0,4.69,766,1
72707,263447,39,Agriculture,26828,3044,0,0.34,397,1
74800,556870,48,Agriculture,15378,30735,0,2.11,822,1
72738,163382,28,Salary,31254,2741,0,0.77,738,1
66816,138620,50,Agriculture,6102,1460,1,0.24,531,1
24328,22556,25,Business,3143,495,1,2.37,811,0
61672,542453,26,Salary,18369,10195,0,1.82,608,1
48876,346448,31,Business,16594,4331,1,5.39,679,1
34403,30257,34,Agriculture,5943,1682,1,0.18,400,1
93636,71985,19,Business,26687,618,0,0.55,360,1
94580,549264,72,Agriculture,18708,17808,0,1.74,590,1
87184,277601,35,Salary,24849,18655,0,0.62,479,1
65104,401620,63,Salary,21091,31938,0,1.97,840,1
87013,402761,69,Salary,38280,7303,0,0.42,347,1
60241,558523,63,Salary,14976,5196,0,0.45,720,1
64056,207169,65,Business,20488,2061,0,1.92,631,1
38131,265082,23,Agriculture,11206,2399,0,0.53,784,1
67940,68858,39,Agriculture,13418,989,0,1.07,849,0
61208,586414,60,Salary,10628,9698,0,0.29,779,1
33947,333264,50,Salary,15124,6209,0,0.56,506,1
58976,443571,18,Salary,9232,26072,0,0.32,683,1
58405,287324,50,Business,21750,2607,0,1.76,389,1
95951,248507,63,Salary,12880,3789,0,2.69,567,1
77884,640121,65,Business,29410,10469,0,0.44,448,1
60229,451438,39,Agriculture,8957,6674,0,0.48,437,1
64976,169494,31,Business,28450,1734,0,1.99,614,1
60884,291424,35,Salary,20324,8041,0,2.78,369,1
55942,273925,34,Salary,6341,3089,0,1.1,613,1
38351,320265,37,Business,12904,3608,0,0.58,520,1
56979,398655,35,Business,17284,3842,0,0.67,426,1
45078,297970,44,Salary,9236,23031,1,3.89,609,1
34994,233528,20,Remittance,6175,7681,0,0.39,713,1
70224,215550,33,Business,24293,3428,1,0.37,636,1
67825,273420,35,Salary,24031,2633,0,2.66,348,1
24266,22659,26,Salary,4879,195,0,0.72,609,1
57546,458983,68,Salary,23260,6020,1,4.33,643,1
79914,368682,56,Salary,14342,10561,1,4.85,676,1
81184,378582,69,Salary,8593,11855,0,0.35,534,1
80517,227934,50,Business,24312,2812,0,2.1,352,1
60778,151310,24,Salary,7270,4362,0,0.2,370,1
43099,262228,69,Remittance,7860,3656,0,1.74,482,1
38326,103835,44,Remittance,10258,1016,0,2.91,649,1
66892,74249,57,Salary,12439,1372,0,1.02,707,0
67586,526584,39,Salary,10783,9959,0,0.42,670,1
85747,349544,46,Agriculture,29169,21980,0,0.24,472,1
82000,337204,45,Other,23156,8550,0,0.9,542,1
57355,263691,34,Remittance,22409,3017,0,0.32,325,1
35116,289459,49,Salary,10361,5684,0,1.32,739,1
53618,190234,59,Salary,13880,6538,1,0.97,494,1
64345,495543,19,Salary,11367,21156,0,2.35,580,1
55958,527442,25,Agriculture,20876,23688,0,1.89,547,1
48442,328352,66,Business,7404,3947,0,1.42,457,1
65058,299330,50,Business,11035,3830,0,0.64,392,1
49921,379599,73,Business,19538,5582,0,3.93,825,1
47439,230080,52,Salary,16805,3484,0,2.85,365,1
66229,293862,55,Business,20317,10297,1,3.07,820,1
51960,285270,69,Salary,4905,4318,1,0.22,362,1
64882,228278,55,Business,8246,12357,1,0.04,352,1
65464,97566,36,Agriculture,17347,871,1,2.02,797,1
37211,165258,48,Business,13253,9047,0,0.63,821,1
50375,84461,31,Salary,12680,1463,0,0.65,793,1
88756,390455,37,Agriculture,7668,32372,0,0.19,727,1
36758,212861,56,Agriculture,5447,2197,0,1.86,571,1
17667,165041,26,Salary,5262,5511,0,3.47,358,1
22763,19215,56,Salary,7668,172,0,7.18,625,1
60582,387958,51,Business,5596,23162,0,6.29,586,1
60618,293905,35,Salary,5821,2920,0,3.36,705,1
57648,39920,20,Salary,10186,481,0,0.34,319,1
84284,241955,58,Salary,9347,6209,0,0.52,342,1
6543,10636,64,Salary,1835,314,0,0.13,624,1
67919,173842,59,Salary,8542,3434,0,1.02,771,1
91229,283578,41,Business,29179,2795,0,2.68,814,1
37444,161474,55,Salary,13763,1537,0,0.07,613,1
52404,289578,41,Agriculture,23010,9362,0,6.62,502,1
44942,22894,38,Salary,19366,456,0,0.23,560,0
42113,85816,36,Salary,7629,2279,0,0.39,580,1
53475,74270,30,Salary,4860,2942,1,1.71,641,1
88550,506674,73,Agriculture,17877,6193,0,1.12,425,1
96748,350829,55,Other,33101,7108,1,3.27,514,1
53281,304223,27,Salary,5441,8371,0,1.95,598,1
98101,255781,67,Salary,20905,2424,0,0.08,768,1
60712,44331,26,Salary,11552,478,1,3.12,742,0
95074,897782,51,Salary,15322,9394,0,2.18,715,1
58134,88883,27,Agriculture,19839,5475,0,1.53,418,1
62621,106779,38,Salary,20281,963,0,0.07,524,1
67309,127362,55,Other,18721,1719,0,2.08,604,1
123577,1213789,74,Business,51530,18277,0,1.09,833,1
77026,490484,74,Business,9101,37318,0,1.73,495,1
45855,288784,69,Agriculture,6208,2651,0,2.9,806,1
79380,783769,31,Salary,17613,11080,0,2.43,712,1
52763,70711,23,Agriculture,17025,699,0,2.07,649,1
50205,489888,69,Salary,14866,5917,0,1.55,686,1
78172,190593,70,Agriculture,8395,1944,0,0.81,736,1
60622,389143,33,Business,26347,4481,0,2.27,685,1
65572,294470,19,Salary,12647,2642,1,0.92,670,1
60280,250014,54,Agriculture,12829,6878,0,2.16,508,1
66732,623731,22,Salary,20737,18439,0,2.46,535,1
68499,131358,20,Salary,29435,1477,0,0.71,630,1
21261,212018,71,Agriculture,6914,3205,0,1.37,764,1
73331,300781,46,Salary,31772,3921,0,0.96,658,1
40360,268933,24,Remittance,6030,3038,0,1.13,844,1
31154,302042,55,Business,9625,4247,0,0.23,675,1
58832,61609,39,Business,22749,635,1,4.1,524,1
61680,571602,48,Salary,16551,12309,0,1.99,616,1
46130,271900,69,Salary,9872,2595,0,0.09,643,1
76621,551041,31,Other,34047,23320,1,0.9,777,1
33156,63568,54,Salary,4382,790,1,1.34,441,1
51861,288720,65,Business,12034,2670,1,1.23,437,1
48303,333212,42,Salary,19473,8481,0,3.61,411,1
59068,285555,73,Salary,24406,6037,1,3.78,330,1
65577,129341,43,Business,29034,2875,1,3.71,671,1
39842,112320,44,Agriculture,16231,1540,0,4.16,830,1
74486,641826,68,Agriculture,7363,11342,0,1.29,638,1
61260,50691,54,Remittance,25975,2143,1,0.54,333,1
22161,160317,67,Salary,5284,1481,0,0.5,500,1
20828,208159,63,Salary,6688,6103,0,2.6,797,1
59754,34125,58,Salary,13497,490,0,0.42,328,1
55581,112826,31,Agriculture,21180,1480,0,1.11,637,1
57932,399984,40,Salary,16979,24387,0,0.98,542,1
59440,63596,67,Business,23351,2847,0,4.16,806,1
64511,393711,53,Salary,9786,3367,0,0.49,582,1
78953,552513,33,Agriculture,11720,6596,0,1.66,611,1
37778,229969,36,Agriculture,9178,14718,0,0.82,697,1
36561,145120,62,Remittance,2989,1484,0,1.23,752,1
38134,271674,28,Salary,12827,4060,1,1.23,584,1
65778,404258,24,Other,12468,20091,0,1.41,697,1
84899,209917,61,Salary,24298,2455,0,0.96,743,1
51373,300521,34,Salary,5440,4558,0,1.73,589,1
9966,88479,61,Salary,1427,2592,0,0.75,694,1
25920,177161,48,Salary,8047,1659,1,0.14,500,1
43339,215916,74,Business,8369,4967,0,2.54,495,1
48845,173646,47,Salary,7788,4064,1,0.35,301,1
51832,68207,67,Salary,8535,1645,1,0.93,668,1
60772,171618,66,Business,9692,1809,0,0.34,438,1
53765,32596,30,Agriculture,16692,369,0,4.7,748,0
80987,799580,74,Business,11504,7299,0,7.55,824,1
46480,121479,60,Business,9956,3304,0,4.02,782,1
42754,352349,24,Salary,14302,3635,0,1.73,451,1
69578,146262,18,Agriculture,18790,1979,0,0.29,659,1
29287,93549,33,Salary,8815,2063,0,4.88,714,1
67794,303286,18,Salary,11717,19160,0,0.39,578,1
62051,222258,38,Salary,26378,2213,0,2.05,580,1
57051,461219,74,Business,13301,12126,0,0.8,541,1
91766,880778,45,Salary,17085,10978,0,0.14,469,1
47556,419220,19,Business,19717,5881,0,1.21,615,1
101206,198262,46,Salary,32635,15886,1,0.85,846,1
55491,437188,30,Salary,17045,3662,0,0.0,420,1
34460,65663,66,Salary,14063,657,0,1.05,325,1
61398,563457,23,Salary,6242,8731,1,1.81,330,1
38475,208529,61,Salary,15003,2440,1,1.12,620,1
44965,166174,43,Business,14875,2618,0,0.38,448,1
67941,135321,19,Business,14485,1464,0,1.35,554,1
71112,43534,56,Salary,12434,1642,0,0.89,823,0
47557,135799,43,Business,5649,2256,0,0.93,342,1
79748,732341,61,Salary,34148,15182,0,2.37,396,1
83150,671352,53,Salary,11018,10891,0,0.69,417,1
88726,861799,62,Salary,15615,14209,0,0.52,551,1
70588,102863,44,Salary,23697,3747,0,1.08,682,1
87269,534584,18,Salary,29912,4551,0,0.81,400,1
22384,65875,25,Business,3122,4818,0,0.1,359,1
53642,303504,44,Salary,20450,23190,0,0.73,347,1
42660,151201,40,Agriculture,11467,2889,0,4.03,741,1
62385,199190,63,Salary,24575,2521,0,3.12,316,1
48571,289072,41,Business,5454,9205,0,5.65,644,1
56677,127043,67,Agriculture,5432,1826,0,1.75,618,1
97643,483994,28,Salary,30825,5374,0,5.26,355,1
56606,378282,39,Salary,7671,17072,0,0.81,604,1
68276,117280,61,Business,18723,991,1,1.48,458,1
55355,517051,25,Other,4717,10691,0,3.76,583,1
61514,326294,36,Other,22672,4009,0,2.15,375,1
60120,498125,60,Salary,24819,20792,0,0.81,667,1
68966,462907,51,Agriculture,26923,5223,0,1.78,739,1
83306,603553,62,Salary,36204,5873,0,0.43,301,1
92948,678822,47,Salary,38494,29046,0,1.0,593,1
66192,583380,66,Business,16170,22794,1,0.53,656,1
71791,454383,68,Business,16324,10728,0,1.48,301,1
36983,116240,73,Business,15222,8747,0,0.5,698,1
58242,84180,24,Agriculture,24634,710,0,1.8,599,1
78806,493277,51,Salary,34671,6438,0,2.64,468,1
77319,87398,24,Business,28166,1126,0,0.56,566,1
64232,179354,31,Salary,9939,1552,0,2.63,675,1
77728,83691,35,Salary,33395,822,0,1.68,654,1
69815,398953,54,Salary,30051,3992,0,2.21,727,1
84006,169962,42,Other,27425,3492,1,5.68,319,1
65787,414384,67,Salary,26130,8603,0,2.47,733,1
52886,423787,35,Salary,15212,9741,1,1.24,319,1
66717,554276,53,Business,28643,11210,0,1.74,658,1
5000,17203,61,Other,574,331,1,0.8,492,1
67658,386670,73,Remittance,27041,14258,0,3.39,335,1
5000,29243,31,Business,503,580,0,1.38,679,1
25531,127462,59,Salary,5246,2116,1,2.14,604,1
69035,464162,22,Business,8979,10222,0,10.53,667,1
69551,173587,48,Agriculture,17894,5814,0,0.72,507,1
36751,360263,41,Remittance,6098,6885,1,2.06,453,1
45758,65514,72,Agriculture,19780,1025,0,2.3,644,1
87411,732294,62,Salary,25082,8151,0,1.43,419,1
50319,309156,70,Salary,20739,3481,0,1.97,747,1
104858,296341,66,Business,19177,8744,0,3.03,676,1
59962,454747,41,Salary,5373,28495,1,5.22,850,1
68161,88784,59,Salary,25015,1981,0,0.46,314,1
92337,725489,19,Salary,31383,25042,0,0.89,622,1
62621,382292,49,Business,17649,6983,0,0.07,606,1
39953,62012,20,Remittance,15249,527,1,0.5,772,1
57805,72563,59,Agriculture,22592,2300,0,1.27,533,1
59288,452542,73,Remittance,17640,9745,0,2.06,815,1
32705,107367,56,Agriculture,14305,1189,1,1.66,431,1
54883,491113,65,Agriculture,19006,7331,0,0.17,770,1
45156,349494,31,Salary,14922,20872,1,0.05,586,1
78487,559833,74,Business,16775,19002,0,3.61,820,1
60692,190983,49,Salary,4906,1690,0,0.88,419,1
54344,393177,56,Salary,9192,16990,0,0.72,443,1
57876,550250,61,Salary,20989,6828,1,0.54,610,1
64462,88301,54,Agriculture,22088,905,1,0.63,604,1
72336,260304,36,Agriculture,14646,6401,0,0.59,382,1
40006,109192,52,Remittance,12460,1209,0,1.97,658,1
39168,165911,55,Other,5964,5467,0,0.65,523,1
82094,619987,66,Remittance,14575,14502,0,1.75,383,1
51753,259040,45,Salary,22282,5671,0,0.83,581,1
31663,187506,46,Remittance,7374,1568,0,1.69,684,1
68876,239996,46,Agriculture,11753,6823,0,2.12,317,1
69267,127607,24,Remittance,18025,4917,0,2.83,807,1
29386,89212,23,Salary,6559,797,1,4.62,636,1
64590,559799,19,Salary,22602,18984,0,2.43,443,1
74712,464930,55,Remittance,32573,4347,0,3.44,713,1
67488,276086,41,Salary,20175,3357,0,0.33,764,1
72640,581418,67,Salary,21699,7825,0,0.59,826,1
31915,35501,58,Salary,6861,381,0,0.15,735,1
66621,193998,26,Salary,19248,2146,0,0.16,411,1
53948,144903,23,Salary,10690,6054,0,1.5,390,1
50344,496440,38,Other,4048,4139,0,0.28,414,1
77411,557974,70,Remittance,31000,4906,1,0.88,782,1
89585,570564,20,Remittance,21401,5243,0,1.72,467,1
95887,52484,28,Salary,25129,663,0,1.63,482,1
86296,194248,19,Salary,9570,2837,0,0.11,790,1
57805,377908,41,Salary,22528,5405,0,0.03,412,1
67054,275413,74,Salary,9590,20231,0,0.53,524,1
75336,699168,56,Salary,17473,10603,1,4.34,463,1
62424,484715,46,Agriculture,24401,6107,1,0.05,466,1
62615,297431,26,Other,15615,3577,0,0.15,628,1
76475,582770,38,Business,32466,12174,0,0.8,708,1
58814,574398,47,Salary,9260,9132,0,0.35,446,1
45414,221589,33,Salary,15651,2745,0,0.44,320,1
51711,341499,58,Salary,22849,5862,0,0.86,652,1
72678,670623,73,Salary,20594,5786,0,5.36,602,1
60060,171916,29,Business,20187,1949,0,1.9,663,1
66804,596045,32,Salary,15064,49107,0,0.01,548,1
73402,104721,25,Business,26278,7215,0,0.76,728,1
52503,349684,59,Agriculture,21856,4040,0,1.37,644,1
75125,596264,44,Salary,25552,10541,0,0.5,717,1
67577,428354,34,Salary,28808,4172,1,4.35,702,1
35304,183848,30,Salary,10514,5991,0,1.79,573,1
88846,565487,22,Salary,26080,41909,0,0.28,479,1
49985,97011,45,Business,9633,1799,1,0.06,620,1
26898,68534,56,Agriculture,9214,749,0,0.69,650,1
39099,119801,31,Remittance,15887,1024,0,2.5,614,1
39579,244555,18,Business,12631,2276,0,1.38,588,1
61043,286784,44,Salary,10147,4461,0,0.21,488,1
54523,153892,56,Salary,15338,1542,0,4.31,373,1
53263,473332,37,Salary,19159,24155,0,0.1,535,1
72394,293359,32,Salary,30953,3975,0,1.17,785,1
66798,316442,26,Remittance,9214,2830,0,1.34,694,1
66321,291292,60,Salary,8434,5315,0,4.39,715,1
68197,151974,67,Salary,15876,1314,1,0.47,706,1
72323,538839,61,Salary,9147,15037,0,1.53,807,1
17841,84929,47,Salary,7899,3628,0,0.54,424,1
52711,34496,59,Remittance,12492,502,0,1.26,696,1
16396,158355,40,Salary,4549,1440,0,0.07,338,1
60721,500933,19,Salary,9960,10981,0,1.57,434,1
59907,441743,38,Salary,14748,4488,0,0.06,316,1
80911,708487,58,Agriculture,35952,23403,0,0.82,537,1
83753,763381,54,Business,21844,8251,1,0.31,377,1
64056,237401,74,Business,5334,3290,0,2.7,513,1
49993,315161,74,Salary,8486,10199,1,0.3,374,1
69703,437991,31,Salary,30811,4891,0,0.47,319,1
49442,150271,18,Remittance,22049,1687,0,1.28,563,1
59972,156440,33,Salary,9469,2312,1,1.17,526,1
79723,126131,67,Salary,24527,3470,1,1.38,529,1
48845,330362,64,Business,5298,12567,0,0.38,490,1
76114,602726,23,Salary,22351,5224,0,2.29,525,1
73548,568456,27,Salary,9310,6863,1,2.51,302,1
40904,143353,50,Agriculture,15662,1442,0,0.83,563,1
79478,194719,55,Salary,33988,2231,0,1.27,766,1
73971,355751,73,Salary,10652,3502,0,3.99,376,1
62039,353295,61,Salary,15584,11956,0,1.52,379,1
44754,413139,30,Agriculture,5270,6291,0,1.0,729,1
42816,377244,20,Salary,8798,4488,0,0.63,576,1
49247,453198,54,Salary,5126,19563,0,1.51,441,1
70852,607733,49,Business,12603,21554,0,1.43,732,1
40887,395112,70,Business,18251,4910,0,3.87,479,1
68750,338405,50,Other,6635,3198,0,0.24,633,1
35165,33442,46,Salary,13989,401,0,0.44,606,1
55919,72350,35,Salary,6076,4547,0,0.58,393,1
62193,261685,22,Business,17148,2240,0,0.11,716,1
108903,321049,67,Business,26930,11861,1,4.77,640,1
32454,68622,65,Salary,13782,1849,0,3.0,414,1
89440,854638,27,Business,13742,7286,0,3.3,717,1
62997,148452,58,Salary,9228,1558,0,1.63,641,1
68223,655903,38,Agriculture,24357,5797,0,1.54,770,1
62367,481970,42,Agriculture,21736,4863,0,2.02,751,1
68895,453948,66,Salary,23335,5510,0,0.76,475,1
56926,394052,65,Other,5104,9222,0,0.39,816,1
89081,325057,28,Other,15695,6872,0,1.61,318,1
50871,337837,35,Salary,19878,2956,0,1.32,484,1
82645,187900,64,Salary,24985,1790,0,3.64,634,1
47113,443249,70,Business,14266,8721,0,0.53,594,1
58795,197965,22,Salary,11141,3784,0,0.19,424,1
38561,112763,65,Salary,6797,2554,0,3.67,409,1
69100,501393,45,Salary,29729,10618,0,0.73,730,1
88903,598874,51,Other,31051,5706,0,2.44,782,1
58453,279834,22,Salary,7420,21305,0,1.35,674,1
56062,364865,56,Agriculture,23936,6174,0,0.96,592,1
37708,75989,56,Salary,11142,668,0,0.83,726,1
55414,382169,55,Salary,11268,5413,0,5.75,432,1
28144,86425,63,Remittance,6387,1425,0,2.63,833,1
41742,129064,71,Salary,14543,2822,0,2.02,368,1
64536,131699,66,Salary,14148,6591,0,0.6,622,1
86380,315942,60,Salary,25407,8717,0,0.97,487,1
116184,423710,73,Business,39838,19463,0,0.74,798,1
48268,232396,56,Salary,7351,9048,1,5.47,434,1
88706,204821,56,Salary,38088,6906,1,4.8,653,1
64875,151390,48,Salary,13739,3393,1,1.59,386,1
56975,321710,61,Salary,13399,24391,0,4.39,400,1
68652,118379,22,Salary,23235,1033,0,0.53,529,1
61238,431392,46,Business,18693,17002,0,1.87,740,1
62208,588954,42,Salary,15107,11033,1,1.82,453,1
51833,236076,70,Salary,16608,2207,0,1.1,682,1
32038,290280,22,Business,13265,12347,0,0.6,614,1
29127,41768,54,Agriculture,10955,650,0,3.07,838,1
73065,66350,28,Salary,28128,643,1,2.71,465,1
54466,400489,68,Salary,9565,5551,1,0.85,434,1
48078,371629,66,Salary,11307,10704,0,0.33,797,1
60170,511990,31,Other,17143,5599,0,0.66,483,1
75899,78917,67,Salary,7313,922,0,3.1,418,1
63607,501262,46,Salary,23205,9806,1,2.1,752,1
46879,191131,73,Salary,9361,11243,0,0.55,747,1
84526,285842,59,Salary,15600,22246,0,1.7,334,1
91584,196331,19,Salary,16113,1941,0,0.17,771,1
69891,696265,29,Salary,12919,14900,1,1.85,648,1
79473,87802,41,Business,16297,3267,0,0.72,453,1
84839,708964,30,Business,25773,10425,0,1.85,595,1
82602,543124,25,Business,24444,4873,0,1.75,431,1
72282,540905,73,Agriculture,12621,41879,0,0.23,393,1
71967,522575,67,Salary,11254,28930,0,2.17,372,1
70393,609260,42,Remittance,27154,10681,0,1.04,390,1
38053,85468,30,Agriculture,4350,1005,0,6.35,621,1
74014,37587,28,Agriculture,19965,593,0,1.62,746,1
32884,203421,70,Agriculture,8964,1867,1,1.11,568,1
44108,170330,36,Salary,12899,10162,1,0.49,308,1
86071,144253,18,Salary,35090,2960,0,1.24,536,1
76804,174216,40,Salary,23874,3488,0,0.41,711,1
89748,327725,43,Salary,39511,6725,0,1.63,760,1
54567,63692,53,Salary,21958,985,1,2.3,703,1
36955,38458,37,Salary,5893,395,0,1.61,503,1
55191,507881,70,Salary,9340,10962,0,3.29,657,1
62041,214971,54,Remittance,12878,2326,1,0.17,337,1
61580,605405,74,Business,13847,21763,0,0.27,525,1
82674,798754,38,Business,23530,11008,0,3.44,595,1
52775,97867,55,Salary,8762,1864,0,0.04,315,1
67041,488848,38,Business,10879,6960,0,0.29,307,1
40227,249715,57,Remittance,8895,10565,0,2.03,741,1
69006,487262,60,Business,22679,4238,0,1.26,421,1
60062,84917,36,Business,20097,773,0,0.17,369,1
45004,103119,71,Salary,19854,1018,1,0.11,626,1
55283,67891,66,Salary,8563,626,0,0.34,454,1
56316,351371,68,Business,12691,12620,0,0.48,839,1
54597,539015,30,Other,23855,8117,0,2.72,821,1
95427,656905,58,Salary,31997,14178,1,1.56,753,1
58031,420854,24,Salary,17360,3903,0,1.22,466,1
55122,543148,24,Salary,15416,16733,0,0.07,782,1
18051,125294,73,Salary,1948,3504,1,0.71,440,1
42116,37135,26,Other,17291,431,0,1.67,432,1
54739,478230,67,Agriculture,17048,22139,0,2.46,836,1
46283,183486,42,Salary,13492,2014,1,1.44,671,1
87634,47450,35,Salary,24504,1159,0,0.84,347,1
56701,301577,22,Salary,12758,3617,0,3.6,788,1
85769,806369,56,Salary,14943,7587,0,0.07,388,1
61234,180312,59,Business,22012,2317,1,1.56,675,1
60745,314014,44,Agriculture,16312,8980,1,1.35,541,1
58224,125233,64,Business,5389,7235,0,1.14,309,1
60076,62964,36,Salary,13677,3744,0,0.74,734,0
94376,119402,49,Agriculture,39976,5530,0,0.96,678,1
13608,100789,34,Agriculture,2971,1351,0,0.77,787,1
19969,173904,51,Salary,4651,3506,0,0.57,637,1
49137,91461,25,Business,15275,2391,0,0.84,716,1
60291,195284,45,Business,22707,5472,0,2.73,799,1
73802,173640,49,Agriculture,24158,1517,0,0.74,837,1
69462,52453,49,Salary,27404,2112,0,1.35,608,1
52315,301209,43,Salary,6391,6705,0,0.59,309,1
80381,574665,54,Salary,33929,9133,0,0.04,490,1
80604,536406,47,Salary,33406,44520,0,0.42,641,1
63681,266601,34,Salary,17327,2392,0,0.17,360,1
79253,457496,30,Agriculture,24660,20152,0,0.66,364,1
65453,91238,54,Salary,10390,1065,0,0.12,517,1
48770,95876,71,Salary,11985,1200,0,1.42,801,1
73956,691640,60,Other,11463,6960,0,1.42,477,1
62212,481168,54,Business,5483,5843,1,0.75,815,1
60027,556211,70,Salary,26588,5849,0,0.04,742,1
89459,823780,69,Business,15734,14328,0,2.55,466,1
10983,73248,46,Salary,3289,1131,1,1.85,427,1
31646,294886,24,Salary,6047,3359,0,0.67,756,1
36259,161668,54,Business,7873,2203,0,3.75,716,1
52735,28179,53,Salary,11980,419,0,0.04,647,0
54908,60093,33,Salary,11199,1757,0,0.68,838,1
29853,45977,66,Salary,9429,1153,0,0.59,355,1
40297,56652,67,Agriculture,17551,1117,0,0.0,512,1
42783,164337,36,Salary,10208,12639,0,1.15,632,1
109148,781726,45,Agriculture,48039,13696,0,1.66,339,1
96035,769352,29,Salary,31412,62554,0,2.75,837,1
51765,316130,28,Business,15770,4329,1,2.15,615,1
52728,99716,33,Salary,8844,1133,0,1.06,469,1
37016,281509,38,Salary,3823,3872,0,0.32,431,1
21837,84523,33,Business,8630,973,0,0.15,300,1
57662,35949,26,Business,16859,2995,0,2.49,626,0
40043,126760,43,Salary,9343,6882,1,2.82,838,1
58303,212264,53,Salary,22180,2428,0,2.1,319,1
27996,86937,36,Salary,5457,881,0,4.08,528,1
44761,367612,48,Salary,16559,4107,0,3.87,664,1
62973,486108,33,Business,12679,5814,0,2.53,537,1
67324,478522,58,Salary,28325,5413,0,2.15,658,1
68349,124433,54,Business,12245,1354,0,3.39,692,1
33590,274579,72,Salary,4397,3043,0,1.1,832,1
77094,534506,21,Salary,26081,5829,0,0.5,633,1
43996,103433,66,Salary,6171,5173,0,0.5,691,1
72657,483670,37,Salary,31334,25682,1,2.22,466,1
59787,304517,21,Salary,19285,5971,0,2.29,383,1
32472,151768,57,Remittance,5371,2200,0,0.74,355,1
53676,84012,27,Salary,8441,890,1,0.35,360,1
67307,365066,28,Agriculture,28392,7582,0,3.41,755,1
72259,104729,73,Salary,22032,2511,0,3.78,322,1
57180,117814,30,Salary,23483,1222,1,0.86,566,1
90636,159446,49,Salary,10947,4096,1,0.72,637,1
80150,766557,29,Salary,33855,7616,0,0.96,670,1
54867,175915,25,Business,14947,5651,0,0.11,336,1
75002,290591,18,Agriculture,24549,5718,1,2.28,774,1
98676,351263,18,Business,21508,6350,0,0.41,540,1
99210,896202,45,Business,10108,20209,0,1.97,309,1
35440,207259,42,Salary,15397,16765,0,0.85,373,1
41469,382843,20,Salary,18578,10227,0,2.22,773,1
89698,300424,37,Agriculture,19275,6199,1,0.65,819,1
38834,61782,33,Salary,16669,1347,1,0.89,714,1
33549,194050,50,Salary,4766,2004,0,1.62,483,1
50276,190174,74,Remittance,6900,11111,0,0.14,821,1
68405,555320,57,Other,7323,10282,0,1.61,451,1
57952,513137,70,Business,13026,31968,0,0.18,428,1
46989,234449,28,Salary,4668,2084,0,0.84,721,1
46516,452503,30,Agriculture,10514,4649,0,1.97,477,1
45753,263246,60,Salary,6003,2230,0,1.24,586,1
42410,130357,35,Salary,14856,1182,0,0.96,664,1
105633,543510,66,Salary,41022,11788,0,0.93,391,1
65950,56351,44,Remittance,22060,650,0,1.18,810,0
77735,632608,29,Remittance,11985,14024,1,1.5,391,1
50218,73501,66,Business,18266,681,0,0.29,846,1
56281,193219,49,Salary,9698,3428,0,2.55,452,1
45729,268452,63,Salary,16509,5104,0,1.89,529,1
6966,6327,43,Salary,2020,57,0,1.09,439,1
32440,40664,25,Remittance,6997,397,0,0.11,597,1
23788,169207,56,Salary,2638,1454,0,0.47,300,1
15004,17733,25,Salary,5794,925,0,4.48,393,1
36093,181630,55,Agriculture,15436,4745,0,1.01,586,1
86499,321569,41,Salary,28232,7227,0,3.11,682,1
59111,157635,63,Agriculture,25824,2726,0,0.49,830,1
85811,196799,67,Salary,36523,3119,0,1.52,761,1
68220,528869,41,Agriculture,10370,12164,0,0.79,807,1
75651,721684,68,Salary,26519,7412,0,1.06,740,1
41982,76899,24,Salary,8784,2130,0,2.45,727,1
70479,677795,24,Salary,18351,7771,1,1.85,490,1
74574,458648,74,Salary,10297,4410,0,1.02,798,1
48467,319677,50,Business,21358,4141,0,7.1,830,1
71191,515729,43,Salary,24822,10263,0,1.36,582,1
71324,512757,26,Salary,12750,15879,0,0.82,366,1
49009,406197,34,Agriculture,10657,15323,0,4.07,323,1
37545,191215,57,Salary,8873,2070,1,1.26,572,1
36317,202173,64,Business,12950,3226,0,0.59,649,1
61730,220768,70,Agriculture,26081,12984,0,4.59,605,1
66540,99806,41,Salary,13237,844,0,0.49,793,0
44149,300835,43,Agriculture,11250,3560,0,0.52,595,1
60532,49594,27,Salary,18129,481,1,0.51,664,0
71411,222698,22,Salary,16106,3754,1,0.1,717,1
72364,100961,42,Salary,19288,876,0,0.19,793,1
91038,210471,51,Agriculture,10844,6274,0,0.24,635,1
85540,561822,23,Business,12150,17560,0,0.13,607,1
39974,258653,41,Business,9130,2391,0,0.88,342,1
93672,421526,54,Other,39204,3892,0,2.17,653,1
49380,66991,64,Salary,10333,1017,1,0.22,399,1
80897,373506,71,Remittance,13949,14599,0,0.42,503,1
61360,236302,37,Agriculture,21774,5255,0,3.68,593,1
51757,380122,40,Remittance,22316,4068,0,0.8,345,1
23846,143094,67,Remittance,5959,1384,0,0.16,682,1
56569,292455,57,Other,4706,5903,0,0.73,454,1
28812,147700,33,Salary,9641,7935,0,4.46,583,1
79346,768055,57,Agriculture,18533,9155,0,1.3,492,1
90336,694214,26,Agriculture,29743,7557,1,0.0,495,1
44062,230061,43,Business,8053,3981,0,6.89,516,1
66039,333670,35,Salary,5342,4450,0,4.32,328,1
45492,34190,74,Other,9438,288,0,2.65,407,1
47430,448396,19,Salary,16163,11659,0,0.01,733,1
75490,266642,66,Salary,17019,3609,0,1.52,367,1
59229,173625,34,Business,9541,2226,1,7.48,573,1
94793,947398,20,Salary,23858,13287,0,0.09,377,1
50355,368979,55,Agriculture,18046,3485,0,4.39,596,1
79987,75984,56,Salary,9934,982,0,2.34,654,1
61948,67394,26,Business,20811,1008,0,0.57,558,1
75916,56350,20,Agriculture,24818,2229,1,2.62,725,0
51057,316369,24,Salary,11088,3597,0,0.09,446,1
59009,69623,41,Agriculture,25906,2651,0,0.52,607,1
57690,540393,25,Salary,23713,36342,1,0.07,452,1
43279,406849,58,Agriculture,8525,6282,0,0.65,580,1
73242,416565,22,Other,6702,5643,0,1.71,334,1
73005,464171,62,Salary,14168,3871,0,2.99,448,1
71871,235234,67,Business,11194,2645,0,3.65,689,1
90739,100515,58,Business,25632,970,0,2.42,728,1
88987,667925,71,Business,37369,13518,1,3.98,449,1
52501,77017,71,Agriculture,21107,1150,0,3.97,442,1
67461,88563,20,Salary,13031,756,0,1.27,464,1
47528,164286,37,Business,11339,2878,1,0.55,453,1
60467,37394,61,Salary,5655,377,0,6.45,847,1
48005,221943,37,Salary,13506,3226,0,0.23,658,1
92401,667410,60,Remittance,9559,18443,0,0.85,512,1
67274,545782,62,Salary,28745,7308,0,1.05,554,1
55639,347239,74,Business,22298,9767,0,1.16,581,1
83872,716712,36,Salary,13357,58142,0,0.92,604,1
16588,72353,37,Agriculture,5619,1931,0,3.18,512,1
19718,168852,19,Business,5722,5139,0,1.1,836,1
75917,403233,34,Salary,28583,7746,0,2.16,459,1
61209,160297,33,Salary,15669,1485,0,0.22,535,1
65009,615595,43,Salary,9813,11424,0,6.88,303,1
33472,104172,42,Other,10602,1009,0,0.73,570,1
59535,44587,66,Business,6531,619,0,0.22,771,1
100070,280737,62,Salary,29650,21894,0,1.46,849,1
76484,304676,59,Agriculture,12138,9408,0,0.73,560,1
63394,243295,18,Salary,21137,2161,0,3.09,376,1
51219,280902,44,Salary,19790,3636,0,0.8,696,1
52109,463234,59,Salary,6280,4122,0,0.14,652,1
17416,57076,31,Salary,3973,1255,0,4.93,828,1
65153,354909,42,Agriculture,22895,3970,0,0.48,578,1
76910,286976,59,Remittance,10811,3009,0,0.64,301,1
28488,236645,63,Remittance,8251,2016,1,1.09,796,1
46772,93414,66,Remittance,15368,6690,0,0.7,671,1
36851,54663,42,Salary,7786,476,1,0.54,740,1
40693,214796,40,Salary,15782,3956,1,0.35,365,1
61070,420341,39,Business,16424,4101,0,0.36,551,1
18312,147549,56,Other,5713,2083,0,1.11,552,1
72285,441042,41,Agriculture,9551,6043,0,2.51,447,1
75077,589473,40,Salary,6650,11601,1,0.37,766,1
54978,232598,27,Business,5431,2292,0,0.83,403,1
10386,8436,45,Agriculture,4304,208,1,1.29,339,1
40072,64233,31,Remittance,16292,986,0,3.54,429,1
84658,73472,47,Agriculture,32069,1013,0,0.56,845,0
5000,18125,68,Salary,769,197,0,3.31,362,1
53050,276240,62,Salary,14558,4389,0,1.42,620,1
36400,141415,45,Salary,13634,1655,0,1.63,400,1
76091,443283,73,Salary,25082,6882,1,1.73,517,1
46498,235549,73,Remittance,5707,2831,0,3.54,604,1
68079,472499,43,Business,28004,5571,1,0.72,310,1
71309,487478,61,Salary,9944,5501,1,0.0,432,1
96725,340628,37,Salary,13886,3375,0,0.05,623,1
55941,211963,68,Business,23125,3011,0,3.73,307,1
67521,409103,39,Business,17509,12445,0,0.08,572,1
30299,186827,32,Salary,6604,2188,0,0.79,632,1
83808,292461,25,Remittance,23873,14387,1,8.34,418,1
44790,162947,66,Salary,19847,4571,1,2.25,389,1
48785,346053,34,Salary,6062,3547,1,1.75,570,1
59555,396065,64,Salary,21444,6714,0,0.68,695,1
28742,51246,22,Business,5855,779,0,1.39,307,1
64575,302850,46,Agriculture,7963,2553,0,1.3,486,1
79349,712610,42,Remittance,18736,19054,1,2.56,850,1
65859,55645,43,Salary,18641,3943,0,2.14,484,1
28222,243388,27,Other,4408,10129,0,0.5,482,1
57524,117935,22,Agriculture,13228,3071,0,0.86,706,1
74841,398069,37,Salary,23590,4403,0,0.25,564,1
22440,101680,44,Salary,6581,1062,0,0.17,515,1
38505,22958,63,Salary,13383,314,0,2.55,732,0
77531,712996,44,Remittance,30196,18030,1,1.21,316,1
65402,315355,32,Salary,15133,4614,0,1.18,692,1
68239,652743,32,Salary,16138,47941,0,2.95,509,1
97190,313347,52,Agriculture,25636,3659,0,2.42,789,1
69371,605582,42,Remittance,20086,7730,0,1.29,699,1
73158,677641,69,Business,8785,47209,0,0.15,818,1
114215,661294,43,Agriculture,22349,6597,0,0.12,370,1
55724,135155,50,Salary,8002,1431,0,0.52,404,1
44042,308728,21,Remittance,9811,6817,0,1.09,797,1
68556,391818,29,Salary,30174,4860,0,3.59,515,1
68780,651555,66,Salary,20332,8466,0,2.47,749,1
49466,231159,37,Other,11816,8417,0,2.56,678,1
39352,120058,41,Salary,11388,3652,0,0.19,575,1
106197,192612,51,Salary,34786,2245,0,0.08,324,1
66537,474876,21,Business,16031,4209,0,1.43,340,1
45354,442385,46,Salary,11141,5959,0,3.1,695,1
78319,60248,37,Salary,26591,822,0,0.52,353,1
57817,435607,26,Business,5927,5323,0,0.72,302,1
54942,511281,41,Agriculture,15374,8581,0,2.2,420,1
71245,86237,43,Agriculture,20128,4831,0,4.54,803,0
34162,52835,28,Salary,12298,964,0,0.3,645,1
67053,474306,48,Business,29743,4342,0,9.49,695,1
98259,653978,60,Agriculture,36791,6610,0,0.32,659,1
69324,79990,33,Salary,18468,713,0,0.69,611,1
52476,442216,73,Salary,7488,15513,0,1.71,441,1
49858,272849,52,Salary,14841,4094,0,1.06,536,1
51793,472268,62,Business,20131,6284,0,0.51,600,1
54921,485552,21,Salary,23341,14004,1,1.04,844,1
52444,431028,61,Agriculture,20210,12788,0,0.56,795,1
78326,423042,37,Other,11743,4386,0,1.03,705,1
25336,73253,58,Salary,8707,866,0,3.19,748,1
77240,409895,63,Business,31333,5005,0,1.66,744,1
52406,76393,32,Salary,17398,1871,0,1.57,667,1
67539,456499,32,Salary,22540,6841,0,0.48,754,1
37460,66408,21,Agriculture,9929,4583,0,4.06,340,1
86573,463697,52,Salary,27329,17811,1,4.81,312,1
84913,86325,62,Remittance,16042,1270,1,1.07,544,1
79192,264926,41,Business,8938,5830,0,0.66,330,1
29705,80345,27,Salary,11474,691,1,0.79,487,1
76582,489382,36,Salary,32851,7778,1,3.72,409,1
68097,543038,40,Salary,27036,25828,0,0.85,827,1
27895,29133,70,Remittance,5678,2092,0,0.01,661,1
59514,510493,25,Business,6821,5652,0,0.16,323,1
67291,583904,37,Salary,12358,19130,0,0.09,643,1
71122,266818,54,Business,27869,8265,0,1.45,703,1
63545,429598,31,Business,20503,7436,0,2.93,479,1
65825,284682,68,Agriculture,28810,7026,0,0.68,786,1
89472,175796,69,Salary,18502,2237,0,1.25,836,1
84521,466750,39,Salary,24008,7242,0,0.1,840,1
5000,6602,60,Salary,1862,275,0,1.52,351,1
53651,474569,61,Salary,8937,4905,1,4.31,547,1
56707,526284,56,Salary,24765,9075,1,2.35,727,1
24958,207284,28,Salary,7467,2659,0,4.12,543,1
61884,361651,20,Salary,5132,29105,0,0.78,564,1
84975,492616,37,Salary,7589,6185,1,0.92,480,1
38269,377094,25,Salary,15553,8863,0,1.62,530,1
66728,190513,34,Remittance,21270,2913,1,0.31,682,1
41684,50917,54,Business,15104,1153,0,4.93,314,1
46562,271849,51,Salary,17232,2273,0,1.96,740,1
89548,324474,29,Business,21095,8786,0,0.25,701,1
49149,175079,19,Salary,18455,1583,0,0.67,376,1
69244,39283,30,Remittance,29559,353,0,0.63,725,0
22576,139165,43,Business,3244,2422,0,3.4,587,1
97246,292547,62,Salary,35274,6525,1,3.75,475,1
72053,164616,38,Remittance,13970,3097,0,0.61,550,1
56350,49819,34,Agriculture,11211,419,0,2.81,584,1
71511,283286,49,Agriculture,16642,3594,0,0.5,416,1
31804,281472,22,Salary,12708,3974,0,1.38,634,1
83651,309373,30,Salary,7375,19483,0,0.2,646,1
53520,372028,20,Business,12874,3592,0,3.49,502,1
55919,429860,47,Salary,18544,20420,0,0.64,553,1
50167,181452,43,Business,6063,10628,1,3.23,639,1
48387,401882,51,Agriculture,18055,9641,0,1.84,577,1
73893,522635,53,Salary,31663,8245,0,0.61,539,1
65118,378518,40,Salary,7400,3483,1,2.47,826,1
73035,37206,67,Salary,9976,382,0,0.31,783,0
59824,49855,70,Salary,26347,1495,0,1.63,509,1
70264,696543,24,Business,10765,13348,0,2.95,695,1
51623,409458,70,Agriculture,5638,4253,1,1.58,746,1
104595,983912,29,Salary,45218,14275,0,1.41,360,1
28641,259828,32,Agriculture,11751,8424,0,0.42,626,1
85219,59160,48,Business,27493,1080,0,1.49,740,0
87358,700834,19,Agriculture,24812,8804,0,3.13,331,1
42957,205587,38,Salary,18047,1756,1,1.6,485,1
104585,836764,29,Agriculture,33733,10024,0,0.55,739,1
79910,45053,45,Agriculture,25859,3277,0,0.09,815,0
79423,257163,64,Salary,31147,2918,0,0.42,846,1
60560,462532,70,Business,19482,11831,1,3.69,632,1
55655,447115,30,Remittance,14824,4254,0,0.98,323,1
55812,356487,49,Salary,12513,6668,0,0.11,315,1
67811,227976,45,Agriculture,18049,6793,0,1.4,746,1
88024,303546,41,Other,24058,4854,0,0.35,704,1
63626,616171,54,Remittance,13585,15575,0,5.53,406,1
41771,195176,74,Salary,10267,5209,0,2.87,372,1
76489,363146,41,Business,28813,4913,0,5.36,380,1
78423,450710,21,Other,18360,4751,0,2.04,783,1
73093,320898,70,Business,6539,3141,0,0.35,721,1
74910,430761,71,Salary,13837,7839,0,0.12,822,1
54581,251465,36,Salary,9046,13087,0,1.45,362,1
41420,346014,46,Agriculture,15476,5384,0,0.11,683,1
42636,389522,67,Salary,10499,6619,0,7.6,808,1
27291,255309,46,Salary,5014,7673,1,0.77,593,1
64739,379423,45,Salary,24598,3488,0,2.19,726,1
58331,274180,70,Agriculture,5081,2339,1,1.06,631,1
51200,368629,65,Salary,7397,20958,0,1.51,303,1
5000,42320,46,Remittance,1930,432,0,1.59,536,1
35054,205007,27,Agriculture,9946,2508,1,4.6,444,1
82417,589267,42,Other,30185,14646,0,2.76,346,1
46707,356021,56,Remittance,18222,4417,0,0.26,628,1
67212,465493,33,Salary,28802,17977,0,3.67,811,1
32186,244236,48,Business,3330,12528,0,0.18,329,1
88774,220349,55,Salary,33354,1847,1,0.39,481,1
57119,298993,22,Other,19549,3704,0,0.96,668,1
65801,400633,50,Salary,10304,10182,0,0.02,472,1
106516,55765,60,Business,45241,920,0,0.22,364,1
90329,779688,30,Agriculture,20735,6803,0,0.02,405,1
53869,339118,49,Salary,22001,5711,1,0.7,313,1
48136,83121,58,Agriculture,14628,761,0,0.36,846,1
53489,441573,20,Salary,14704,4172,1,1.37,570,1
70198,513291,54,Salary,9759,10439,0,2.83,819,1
57896,446022,32,Salary,24218,5117,0,0.73,677,1
52095,220070,40,Salary,14897,2641,0,1.17,492,1
89344,769692,54,Business,7349,8077,0,0.05,819,1
57716,255870,18,Remittance,5008,4966,0,1.05,443,1
105992,627455,18,Salary,38976,35567,0,0.32,399,1
61815,31285,43,Business,8649,1027,0,0.96,743,0
95706,634176,72,Remittance,28859,8070,1,1.42,604,1
67146,491688,18,Agriculture,22292,5137,0,8.57,532,1
79259,466640,62,Salary,14533,4983,0,5.4,624,1
45508,237429,22,Remittance,13227,3164,0,1.09,833,1
42925,351744,45,Salary,7250,16628,0,2.2,454,1
69194,482493,42,Business,29763,34794,1,0.29,796,1
79771,250617,44,Business,31770,2598,0,1.27,801,1
60805,584409,22,Agriculture,11345,8193,0,1.48,718,1
34272,247411,60,Salary,9447,2563,0,0.96,386,1
32795,324192,33,Salary,8698,10959,0,0.66,349,1
31457,305982,61,Agriculture,13690,5464,0,1.88,366,1
24648,227492,55,Salary,5565,2044,0,0.2,686,1
62190,477372,49,Salary,17912,15635,0,1.53,520,1
82501,518897,35,Agriculture,34949,27830,0,0.06,843,1
59732,127565,55,Business,8377,1545,0,0.05,303,1
14792,83750,74,Salary,4196,1099,0,0.36,505,1
56185,436618,70,Salary,6692,3803,0,2.79,445,1
56744,309149,70,Other,17504,2813,0,0.71,785,1
101920,891624,30,Salary,21944,9594,0,1.99,366,1
30857,47573,51,Salary,13516,3381,1,1.48,524,1
52186,214951,40,Salary,12196,3365,0,3.11,777,1
94117,499447,73,Salary,12272,4591,0,0.13,835,1
69000,317889,72,Other,26812,5403,0,4.3,804,1
71266,109149,67,Salary,27346,942,0,0.96,660,1
62292,122000,27,Salary,20999,1479,0,0.94,389,1
66599,563252,36,Business,23780,23645,0,1.5,353,1
75552,385440,58,Salary,13444,5753,0,3.14,526,1
43810,42183,60,Salary,13912,484,0,4.7,563,1
77561,50932,37,Other,7296,2672,0,0.79,583,0
32540,162635,25,Agriculture,4974,3304,0,0.94,327,1
66567,137234,25,Salary,28287,1534,0,0.32,672,1
63575,457657,57,Salary,22475,15801,0,1.16,517,1
47674,384041,43,Salary,7883,7740,1,0.24,359,1
59546,158917,45,Salary,7218,1837,0,0.5,804,1
47549,291270,64,Business,20498,3042,0,0.27,496,1
38566,75868,18,Business,4686,1116,1,0.94,427,1
52928,179110,61,Agriculture,9269,1553,0,1.34,571,1
37920,339140,33,Remittance,5596,3030,0,1.45,823,1
66456,376735,71,Salary,5500,5967,0,2.02,754,1
36998,329872,72,Remittance,7260,11255,0,3.68,355,1
74240,195983,46,Business,32699,2053,0,0.7,678,1
36370,132213,36,Salary,7511,3456,0,1.94,666,1
48674,242107,31,Agriculture,12976,2350,0,0.65,788,1
47508,240427,28,Salary,16913,3188,1,0.66,832,1
86503,863097,74,Business,24558,15819,0,3.56,710,1
66606,105719,28,Agriculture,23654,1466,0,0.97,660,1
55765,479226,43,Salary,18113,6891,0,0.04,494,1
69974,609122,45,Remittance,21354,5445,0,0.59,795,1
17856,102768,56,Salary,5721,2924,0,1.85,819,1
59137,222849,66,Agriculture,22217,1985,0,0.74,846,1
99950,542993,49,Salary,34260,35294,0,1.48,826,1
62647,205385,61,Salary,23365,2160,1,0.3,653,1
61358,496480,50,Salary,8214,4460,0,1.26,826,1
70963,371396,42,Remittance,23470,6807,0,5.85,731,1
77912,724231,26,Salary,27479,36410,0,0.76,432,1
20051,128639,29,Remittance,3829,1301,0,0.45,317,1
26353,141938,42,Salary,10636,1378,0,1.64,840,1
64206,465825,20,Salary,12375,9641,0,1.15,535,1
45702,241643,36,Salary,7779,3553,0,6.84,781,1
86241,784173,44,Salary,34568,7887,0,3.1,458,1
53697,120938,44,Remittance,9204,3694,1,0.8,498,1
21309,207695,64,Salary,4981,2598,0,2.12,754,1
34640,284596,73,Business,7487,4864,0,1.4,589,1
5006,43437,59,Business,2064,1409,0,1.68,673,1
55317,281432,22,Business,13743,2765,0,0.96,476,1
56232,475352,41,Business,18944,10100,1,0.4,638,1
51511,175877,59,Remittance,19255,1558,0,0.03,568,1
81578,631292,51,Business,25479,8595,0,0.85,813,1
83970,154024,44,Business,36037,2280,1,1.1,571,1
56592,193374,42,Business,21331,3350,0,0.2,348,1
17306,81935,41,Business,3947,1482,0,2.43,705,1
72346,257699,51,Salary,31239,2568,0,0.58,825,1
71107,296990,28,Business,19490,3487,0,1.08,786,1
66188,548764,47,Salary,5848,5743,0,2.7,355,1
79630,233986,29,Agriculture,14031,4071,1,0.94,850,1
36703,278215,56,Other,11379,6915,0,1.89,491,1
100175,120237,67,Other,13826,5623,0,2.61,759,1
40811,317286,46,Agriculture,12084,3309,0,1.15,647,1
74984,601688,40,Business,16031,10584,0,0.42,836,1
26253,113312,71,Agriculture,7291,1691,0,0.04,488,1
41395,304814,55,Salary,3340,4862,0,1.2,634,1
90327,830450,42,Salary,35581,14180,0,2.12,676,1
54782,444105,19,Salary,11719,5172,0,2.03,385,1
76798,323261,18,Salary,10126,4158,0,5.13,727,1
64739,330171,30,Other,15669,2822,0,1.82,379,1
57901,457644,31,Remittance,15048,16949,0,1.24,756,1
87277,286238,59,Business,27565,3871,0,0.09,369,1
55267,449701,46,Salary,15148,23882,0,2.03,398,1
24385,88193,74,Business,2343,889,1,2.3,572,1
43935,358374,48,Salary,17682,4562,0,0.85,400,1
71024,94079,69,Agriculture,17678,1615,0,0.23,342,1
67910,62598,49,Other,7367,635,0,1.7,328,1
28659,285957,38,Salary,10488,4677,0,1.74,457,1
45513,398687,58,Salary,14758,10893,1,1.05,570,1
48366,429831,43,Salary,15491,6819,0,0.69,324,1
52691,502522,33,Salary,12538,25574,0,0.56,375,1
32482,151496,44,Salary,7532,1390,0,0.28,637,1
47433,152968,55,Salary,13207,1682,0,1.2,475,1
45428,78828,39,Salary,4485,838,1,0.06,717,1
75431,396879,58,Salary,14378,3728,1,0.33,763,1
76182,197346,73,Salary,33941,2024,0,0.17,316,1
57084,535889,41,Agriculture,18553,9139,0,0.63,822,1
52159,28063,34,Salary,12258,1131,0,0.26,676,1
62798,116827,40,Remittance,10191,2233,0,0.42,752,1
43668,124084,65,Salary,15534,1099,1,2.52,563,1
37063,88584,28,Salary,6534,774,0,0.09,300,1
41196,108959,73,Salary,5771,1148,1,1.03,787,1
47304,318472,41,Agriculture,6489,9345,0,0.43,612,1
36731,132649,65,Salary,12850,4020,0,2.61,320,1
63241,401121,62,Business,20101,3748,0,0.14,391,1
74594,668172,62,Salary,7894,24451,0,1.95,413,1
28258,175886,69,Other,3463,2342,0,1.46,507,1
60503,429454,28,Salary,19030,8126,0,0.64,543,1
55601,220863,51,Salary,16197,4950,0,3.9,535,1
66830,134831,23,Remittance,22309,1583,0,2.17,778,1
59741,211815,35,Salary,8715,1832,0,3.05,819,1
30928,298786,20,Salary,10789,3113,1,1.79,673,1
34752,222663,56,Agriculture,14817,3452,0,3.03,649,1
60588,190026,52,Salary,18321,3189,0,2.13,776,1
80576,385451,60,Salary,12293,3503,0,4.33,447,1
15716,132602,28,Salary,5209,1781,0,0.89,607,1
66915,458382,36,Salary,13847,6984,1,1.92,654,1
83792,488189,56,Remittance,8231,5693,0,3.93,457,1
56939,507272,65,Business,10925,13487,0,2.32,824,1
71004,489088,68,Business,29471,25900,0,2.31,429,1
45939,303470,22,Salary,10663,2908,0,0.06,332,1
57613,132671,40,Business,23041,1710,0,3.1,478,1
27582,41668,18,Business,7398,1398,0,0.66,749,1
13113,126788,64,Salary,3557,2869,0,2.49,506,1
78855,488046,25,Remittance,6461,4104,1,2.87,419,1
40300,179294,64,Business,12724,2227,0,0.18,780,1
50889,310204,26,Agriculture,6101,3844,0,4.27,384,1
32271,35085,18,Salary,8298,1773,0,0.55,387,1
31801,264273,68,Salary,5607,2265,0,1.41,795,1
56523,144593,43,Agriculture,12728,1334,0,0.56,477,1
45408,369766,42,Agriculture,12656,5196,0,0.02,301,1
67559,376749,54,Salary,5766,8296,0,0.89,538,1
69051,215952,33,Salary,12795,2471,0,0.06,708,1
66417,52270,57,Agriculture,29632,512,0,0.74,717,0
64772,534396,42,Salary,6557,5515,0,0.57,348,1
91555,199258,33,Salary,18144,1696,0,2.49,455,1
38648,38345,40,Business,7688,475,0,1.23,640,1
58901,452409,18,Salary,12980,9689,1,0.31,663,1
82654,316185,35,Salary,27554,4807,0,0.5,642,1
85291,358109,51,Salary,14641,3575,0,1.77,486,1
31565,89870,25,Remittance,7901,2210,0,0.21,775,1
53753,465619,24,Salary,17126,12587,0,0.42,342,1
87162,289781,55,Business,17368,3210,0,0.05,753,1
70162,175183,42,Other,30243,2920,0,1.22,817,1
63905,219697,25,Business,28277,2193,0,1.63,677,1
55646,135215,60,Business,6916,4914,0,0.11,536,1
52324,184061,62,Business,10842,3814,0,0.85,509,1
65764,84697,19,Salary,10322,2068,0,9.14,540,1
54953,110238,29,Business,8194,1262,0,0.25,391,1
59148,263919,39,Other,15477,2807,0,5.48,422,1
61572,545216,59,Agriculture,17771,8902,1,1.87,650,1
46439,48494,22,Salary,11029,762,0,0.25,603,0
70643,178049,63,Salary,12775,6780,1,0.71,573,1
118285,1079857,36,Remittance,21657,12299,0,2.55,561,1
24460,219043,25,Salary,10936,1838,0,0.34,342,1
66480,462354,67,Agriculture,28039,4815,0,0.33,778,1
44796,124734,22,Salary,4842,3456,0,0.64,826,1
71548,321122,25,Agriculture,23105,4050,0,0.53,435,1
60931,152730,72,Agriculture,15175,3483,0,0.52,473,1
75237,129527,47,Salary,25194,8489,0,4.54,647,1
83510,343225,44,Salary,25126,10923,0,2.51,301,1
63848,381192,57,Agriculture,26115,16516,1,0.45,356,1
82641,323900,53,Salary,8660,9768,0,1.77,796,1
13114,82655,52,Salary,2745,844,1,1.94,395,1
91809,304294,19,Business,40821,6975,0,0.57,617,1
67501,255530,49,Salary,9953,2725,0,8.19,786,1
81557,653386,33,Business,10367,5708,0,0.71,703,1
35602,314864,64,Salary,12451,4254,0,0.69,449,1
43385,154421,46,Salary,15951,2397,0,0.96,384,1
62919,373072,25,Remittance,20684,4011,0,1.97,695,1
59659,187481,68,Salary,21906,8338,0,8.28,522,1
65661,66100,34,Salary,22107,1135,0,1.23,833,0
81690,613463,33,Business,10639,9313,1,0.52,655,1
24696,52467,71,Remittance,7533,516,0,0.53,306,1
79476,361160,62,Business,29203,3614,0,1.07,438,1
60166,308467,66,Agriculture,24081,2977,0,0.22,710,1
55924,125968,55,Salary,9569,1442,0,0.71,686,1
30578,42756,69,Salary,3888,617,0,1.04,708,1
70061,266661,24,Remittance,25853,2630,0,5.91,428,1
11718,111868,52,Remittance,2050,1052,0,9.66,437,1
72968,462894,34,Business,6699,7245,0,3.37,415,1
30158,124353,40,Salary,11621,1050,0,1.56,683,1
61069,53109,31,Salary,16319,499,0,3.16,306,1
57617,357375,29,Salary,11573,5324,0,0.1,748,1
83391,114783,43,Remittance,7024,5891,1,0.28,455,1
56427,319048,70,Agriculture,5252,8803,0,0.24,568,1
46117,352497,54,Salary,17214,3678,0,1.04,435,1
49868,225606,37,Salary,13025,9398,1,0.82,534,1
85458,285807,42,Salary,11571,4556,0,0.7,721,1
70726,67200,48,Salary,15040,869,0,0.36,409,1
52287,38451,31,Agriculture,7381,360,0,1.43,613,0
55271,253431,47,Business,6730,2449,0,0.19,331,1
28656,254803,57,Salary,5222,2695,0,0.05,397,1
67769,191013,31,Business,19200,3409,0,0.58,677,1
24804,147671,51,Other,3912,5397,0,0.4,613,1
75036,525320,58,Salary,15544,6230,0,0.68,636,1
62572,67445,47,Salary,16071,2136,0,0.41,424,1
107739,210571,34,Salary,25363,2900,1,0.73,413,1
37997,138580,49,Salary,4848,1175,0,3.87,534,1
57947,397857,63,Business,5469,5570,0,0.22,371,1
95966,448241,30,Business,8936,5485,0,0.39,789,1
83828,626602,50,Salary,17568,7356,0,0.79,447,1
46076,402805,56,Salary,15940,3961,0,9.56,696,1
64479,496781,36,Remittance,8290,8423,0,0.01,386,1
60040,595978,40,Salary,22286,9067,0,0.64,658,1
65639,503217,68,Business,22632,16230,0,2.38,412,1
46026,395626,38,Business,3749,5047,0,1.39,455,1
58214,489433,52,Agriculture,5233,11138,0,0.92,527,1
28039,208541,26,Agriculture,4266,3121,0,0.23,368,1
62702,508959,70,Agriculture,6318,5369,0,0.1,368,1
69000,647185,52,Business,19085,46568,0,3.6,714,1
55452,278062,61,Salary,5249,3814,0,1.86,490,1
27699,181809,52,Salary,10442,5916,0,0.27,612,1
79771,430119,38,Salary,20932,10199,0,0.67,656,1
67291,577683,37,Salary,23508,36681,0,2.6,643,1
45480,209113,57,Salary,16271,6901,1,1.52,645,1
54388,450735,67,Salary,14549,3802,0,2.0,837,1
29987,242711,25,Salary,12666,2025,0,1.39,647,1
39492,380621,66,Salary,17629,4241,1,1.04,491,1
49244,141072,65,Salary,10485,1807,0,0.1,456,1
84568,612389,24,Agriculture,10704,6385,0,0.12,741,1
47210,363080,24,Business,10122,3336,0,4.01,532,1
72804,683968,57,Agriculture,11841,10046,1,2.37,607,1
49234,448796,66,Business,13612,28386,0,0.11,749,1
64959,386408,40,Remittance,14291,4361,0,1.81,429,1
57172,343144,54,Agriculture,14737,2900,1,0.7,422,1
77461,161837,74,Salary,28070,4059,0,0.25,329,1
49304,481313,36,Other,8943,7756,1,0.47,339,1
28549,83439,30,Salary,7961,1635,0,3.44,639,1
32361,238986,74,Business,6602,4412,1,1.69,577,1
49362,397860,33,Agriculture,18285,4425,0,0.01,463,1
35019,164293,44,Salary,11088,3108,0,1.92,416,1
68204,170942,43,Business,5671,1504,1,0.01,683,1
50685,116328,47,Salary,16433,1196,0,3.33,347,1
107492,928377,33,Salary,15367,61950,0,1.46,686,1
25246,135121,56,Salary,8787,1346,0,1.54,798,1
64073,86902,57,Salary,18576,910,1,0.02,550,1
37441,273757,29,Salary,8557,4039,0,0.11,572,1
50132,144211,45,Business,16885,2196,1,1.08,595,1
62828,554504,21,Business,24939,5424,0,0.52,352,1
13493,46428,30,Salary,4967,802,0,1.05,645,1
64737,155535,74,Business,18242,5323,0,0.86,501,1
98058,128079,46,Salary,34065,2797,1,2.69,558,1
50931,272967,53,Salary,11874,6716,0,0.22,312,1
65196,311768,68,Agriculture,24249,3644,0,0.68,783,1
80498,614801,58,Remittance,31133,19631,0,0.59,483,1
56721,278711,63,Salary,7419,3414,1,3.1,341,1
48381,182215,58,Salary,8131,2924,0,1.43,730,1
14485,43248,46,Agriculture,2606,421,0,0.39,839,1
72820,228829,54,Remittance,10300,3554,0,0.7,586,1
57737,537794,34,Salary,13005,4784,0,0.4,318,1
39746,82205,68,Salary,6018,752,0,0.84,846,1
62532,618296,28,Salary,18781,19315,1,1.0,414,1
48326,174251,68,Business,5683,2024,0,1.77,432,1
49431,66223,68,Remittance,8891,1882,0,1.05,690,1
72126,206465,26,Business,23531,2046,0,3.67,482,1
33232,35058,58,Salary,7559,435,0,1.3,346,1
80946,647996,74,Business,19098,14806,0,0.33,676,1
32046,172063,50,Agriculture,12025,4423,0,1.65,444,1
46746,173024,37,Salary,20768,2963,0,1.3,774,1
98459,668485,68,Agriculture,28462,6788,0,0.18,384,1
82547,535824,47,Salary,9019,5468,0,0.08,799,1
61952,584132,24,Salary,7315,37433,0,0.35,698,1
41189,396731,32,Business,18055,8886,0,0.72,431,1
49415,344249,56,Salary,16372,5970,0,0.15,618,1
61466,508278,43,Other,22030,6755,0,0.11,817,1
60750,487703,30,Business,20049,17326,0,1.15,335,1
58183,300654,63,Salary,8521,6236,0,0.17,751,1
59383,427104,24,Salary,14602,3968,0,4.59,553,1
55712,69276,30,Business,20908,1092,0,1.17,822,1
31160,239969,44,Salary,12481,2598,0,0.27,414,1
49670,478690,20,Agriculture,8335,7438,0,5.81,696,1
78292,102348,40,Salary,23527,1645,0,1.27,833,1
32633,275524,69,Salary,4508,3480,0,3.38,489,1
56209,526302,71,Business,24426,13154,0,1.05,359,1
43605,115501,67,Salary,7557,2963,0,0.9,516,1
62227,341359,36,Business,21708,2872,0,4.35,629,1
52227,486476,21,Business,8644,4596,0,1.91,647,1
89548,861644,64,Salary,27575,9399,0,1.32,565,1
70132,120268,39,Agriculture,22718,4486,0,0.84,813,0
33764,128828,60,Agriculture,6804,8440,0,1.19,618,1
73425,523695,24,Agriculture,28119,16924,0,1.72,653,1
44507,115932,56,Salary,18140,1023,0,1.6,827,1
48460,173745,51,Salary,19208,1735,0,0.93,817,1
66276,47803,70,Agriculture,13414,698,0,0.46,488,0
50165,98246,23,Business,17829,842,0,0.35,457,1
77857,454851,41,Business,22346,16343,0,0.54,712,1
44510,298411,74,Business,13321,4122,0,0.42,589,1
47621,317378,40,Agriculture,12222,9984,1,0.0,546,1
46873,370035,55,Salary,14160,8206,0,1.3,684,1
48687,216422,27,Business,6339,1906,0,1.97,664,1
81984,254000,59,Salary,18961,2401,0,3.59,803,1
72576,47030,33,Salary,10577,2045,1,6.18,501,0
94199,232011,50,Business,17299,5957,0,2.31,715,1
105353,365331,68,Salary,13411,4794,0,0.91,425,1
39386,86372,55,Salary,6248,4637,0,0.58,816,1
61408,42456,45,Remittance,22679,595,0,1.65,346,0
36476,72797,28,Agriculture,10339,969,0,2.92,713,1
44448,303489,37,Business,3945,6989,1,0.91,356,1
47398,307189,66,Other,17620,7036,1,0.62,784,1
38857,364828,30,Salary,16184,9930,1,2.61,828,1
38962,314914,55,Agriculture,15809,2786,0,0.04,750,1
57114,336612,45,Salary,21961,6234,0,2.51,734,1
35666,64441,36,Salary,15947,857,0,0.27,563,1
76843,450199,58,Salary,22820,10101,0,0.17,434,1
41645,45191,38,Salary,18164,514,0,1.37,843,1
116191,533712,34,Business,50087,23250,0,3.21,591,1
50972,214462,48,Salary,9985,10866,0,0.88,749,1
61440,280426,61,Business,24543,3035,1,1.38,693,1
34093,107677,67,Salary,12724,1190,1,4.2,686,1
94122,660302,53,Salary,34547,16256,0,0.33,494,1
82390,699406,55,Other,33914,13892,0,1.24,535,1
65938,514376,62,Business,14648,4458,0,2.25,542,1
33064,213714,33,Remittance,7539,9185,0,2.11,631,1
64213,360509,32,Salary,20344,11344,0,1.56,695,1
37571,29880,45,Salary,13262,511,0,0.36,409,1
89247,657561,53,Business,36190,15484,0,0.65,425,1
76184,432522,54,Business,30783,5269,1,0.12,326,1
61909,190187,26,Salary,21476,2197,1,1.96,590,1
11272,40743,62,Remittance,4893,592,0,0.17,668,1
40332,378647,38,Business,5892,4854,0,0.01,415,1
73755,474351,68,Agriculture,31835,8066,0,0.42,692,1
84258,423074,59,Salary,8742,4495,0,0.91,301,1
82183,525869,74,Business,23470,31781,0,0.33,777,1
28160,124764,54,Salary,3193,2725,0,1.66,680,1
66031,327958,48,Other,19160,3817,0,0.53,676,1
80310,261645,28,Salary,18017,5497,0,0.87,689,1
26833,125541,40,Salary,2957,6129,0,1.98,497,1
59842,419679,66,Salary,19138,8519,1,0.71,848,1
65477,57584,39,Business,22953,648,0,1.04,711,1
53985,434728,21,Other,7798,17269,0,0.5,399,1
22957,73194,31,Remittance,7735,811,1,1.01,808,1
53486,373563,51,Agriculture,7822,3901,0,0.27,707,1
53454,353111,53,Other,6994,4380,0,0.18,471,1
57039,382159,74,Agriculture,7673,9958,1,5.05,822,1
48731,305895,71,Salary,14700,3091,0,1.7,436,1
51140,491530,48,Business,18827,13980,0,1.76,655,1
59206,315525,49,Salary,17812,2873,0,0.56,669,1
68849,513409,63,Salary,26125,5813,0,0.64,830,1
53911,388255,20,Salary,16111,21678,0,1.84,614,1
51807,142186,51,Salary,19428,1446,0,2.26,847,1
61847,197379,45,Other,27294,2959,0,0.11,456,1
21582,97727,62,Other,4849,1605,0,0.27,741,1
69541,218229,63,Salary,9421,3801,1,0.39,435,1
59989,239000,55,Agriculture,7804,3083,0,1.59,850,1
60794,256194,55,Salary,18303,2839,0,3.91,720,1
79215,494041,57,Salary,22373,4542,1,2.3,644,1
20944,54223,51,Salary,3103,1307,0,1.82,336,1
20523,167073,30,Salary,8340,2085,0,0.1,573,1
65476,304895,34,Salary,28416,3540,0,0.47,379,1
59858,431535,60,Salary,10397,5084,0,3.87,805,1
63404,80758,53,Salary,9926,1238,0,0.08,508,1
50757,251992,31,Salary,8078,4647,0,2.53,757,1
73287,56291,68,Remittance,16368,597,1,0.28,799,0
78653,544369,73,Salary,31123,12260,0,1.06,360,1
69680,262362,53,Salary,20939,7611,0,0.06,718,1
54783,521419,30,Business,5752,7349,0,2.76,466,1
17846,63874,71,Salary,4551,1562,1,0.55,359,1
75385,441466,31,Business,8550,28319,0,3.17,443,1
84435,248676,42,Salary,19445,14153,0,1.42,603,1
72891,465851,66,Business,16714,5351,0,5.02,771,1
42407,209359,47,Business,13566,1788,0,2.6,681,1
73476,295445,31,Business,20816,4835,1,0.02,428,1
77211,188013,22,Business,31167,6743,0,0.87,463,1
91176,142185,38,Salary,7843,1417,0,2.04,467,1
42478,69615,56,Salary,15563,1730,0,1.27,705,1
55471,554204,58,Salary,4903,4637,0,3.63,585,1
74945,331028,30,Business,14433,4545,0,0.93,313,1
61148,31695,27,Salary,24794,854,0,1.84,341,1
37653,359692,57,Salary,12631,5486,0,0.36,341,1
68292,47108,27,Business,9809,977,0,2.16,829,1
71573,320401,21,Salary,18723,3331,0,0.83,578,1
61759,451831,45,Salary,21437,19286,0,0.45,570,1
64392,591678,50,Business,27484,5659,0,2.16,719,1
54826,398718,31,Salary,17254,4203,0,4.85,404,1
89566,439271,30,Agriculture,7983,4182,1,0.53,317,1
41986,409666,31,Remittance,11122,3770,1,0.1,449,1
48254,42152,37,Other,6591,1145,1,0.44,414,1
60220,594701,18,Salary,5882,8711,0,0.26,739,1
77579,664791,18,Salary,23386,6405,0,3.16,750,1
30053,280239,39,Business,11043,5312,1,2.24,649,1
33794,98690,19,Business,3154,5328,0,0.3,801,1
19245,35668,36,Business,7119,820,0,3.7,556,1
60654,412538,51,Salary,20705,10820,1,1.95,432,1
37634,203249,19,Salary,13482,1918,0,4.42,482,1
52309,286135,53,Salary,8921,4608,0,0.51,378,1
73228,679840,53,Salary,16522,7921,0,1.53,796,1
47169,301446,50,Salary,5863,2601,0,1.17,632,1
64626,223290,53,Remittance,10882,5039,0,0.77,725,1
54013,232290,64,Salary,10372,2466,0,0.21,455,1
73442,129861,22,Business,14556,8982,0,1.21,695,1
69503,161732,27,Remittance,10062,6958,0,0.38,482,1
46161,85944,36,Salary,6916,2915,0,2.14,545,1
56627,464215,57,Business,23418,10149,0,5.72,659,1
80875,582001,67,Business,29927,10482,0,1.96,840,1
67868,375872,70,Salary,14080,5918,1,0.06,607,1
32061,130055,51,Salary,13806,3378,0,0.75,691,1
73112,500868,41,Agriculture,12312,26153,1,0.58,627,1
38308,314991,41,Agriculture,8831,3698,0,1.65,533,1
88250,782929,21,Agriculture,33624,53789,0,3.71,813,1
80482,458478,44,Other,19627,4611,0,4.8,829,1
65798,545394,47,Salary,10976,4854,0,1.62,471,1
63145,338293,29,Agriculture,13662,3813,0,0.84,793,1
55819,279544,61,Business,14807,3661,0,1.11,548,1
73570,641648,64,Business,22780,7735,0,0.66,707,1
52584,219304,35,Agriculture,12098,2660,1,0.57,584,1
64711,275745,70,Agriculture,15504,2448,0,0.72,722,1
77439,263034,24,Remittance,13758,2265,1,0.05,780,1
48764,264675,69,Salary,13560,4557,0,1.43,533,1
47676,270613,61,Business,7685,3441,1,3.73,686,1
36113,244643,30,Salary,14481,2479,0,4.68,579,1
38711,177675,55,Business,13801,14669,0,0.87,740,1
23432,60207,35,Agriculture,5432,874,0,0.38,405,1
74597,651605,63,Agriculture,26592,7897,1,0.54,701,1
96178,364227,27,Salary,7943,4071,0,1.26,628,1
88507,820280,31,Business,18362,15827,0,1.02,548,1
27478,67867,35,Salary,6675,1545,1,0.31,503,1
74497,433613,29,Salary,18909,13691,0,0.77,686,1
88442,495084,36,Salary,31577,6853,0,1.99,491,1
50864,425841,52,Remittance,22189,3827,0,0.34,318,1
62029,112836,54,Salary,13684,1037,0,0.42,822,1
19842,181443,49,Other,4161,3566,0,1.28,546,1
65335,362516,28,Salary,19985,9097,0,3.02,390,1
38729,235009,29,Agriculture,7129,2418,0,0.88,424,1
63993,342144,70,Business,8466,3789,0,0.24,757,1
28776,24236,32,Business,12540,364,0,0.24,482,0
70857,370041,23,Business,26892,6851,1,0.82,455,1
80490,241770,43,Agriculture,34985,9530,0,5.47,568,1
44336,166506,18,Remittance,7120,1720,0,4.3,315,1
37262,248406,37,Business,3226,3157,0,1.56,608,1
16880,88251,66,Salary,4081,1674,0,1.92,322,1
54672,75752,33,Salary,23259,681,0,0.94,760,0
48368,57746,58,Agriculture,6345,694,0,2.56,536,1
28980,65603,45,Salary,3575,584,0,0.18,420,1
69060,159764,38,Business,7287,2526,0,3.62,550,1
51001,320228,55,Business,18516,5241,1,0.53,396,1
38485,84253,51,Salary,14270,744,0,2.71,476,1
48909,434133,36,Agriculture,16496,3754,0,1.85,372,1
81426,202973,30,Agriculture,8120,1753,0,0.71,668,1
72059,98414,70,Agriculture,25049,980,0,1.0,837,1
57399,506235,27,Agriculture,14120,8173,0,1.35,567,1
72382,239267,72,Remittance,10019,6893,1,1.17,354,1
36782,167046,44,Business,6959,3128,0,4.11,340,1
60647,582863,74,Other,16097,5143,0,1.76,758,1
62946,596194,38,Salary,12713,11630,0,0.38,491,1
50603,368982,50,Business,22205,3937,0,4.32,463,1
68709,79353,53,Agriculture,17566,711,1,0.98,356,1
44391,272416,37,Salary,9664,2332,0,0.24,665,1
70196,694676,30,Salary,23099,6075,0,0.23,334,1
71037,674546,47,Business,22782,9376,0,0.61,798,1
5000,7535,55,Salary,405,116,1,0.01,414,1
83806,357155,32,Remittance,25882,3010,1,1.07,338,1
5000,17488,61,Salary,851,492,0,0.01,686,1
47679,82600,54,Salary,10434,2561,0,0.6,495,1
80507,571647,27,Business,27481,4927,0,0.83,683,1
53654,166411,71,Salary,15358,1925,0,0.79,321,1
30676,115839,20,Salary,6638,1657,0,3.04,774,1
38125,51789,55,Business,5412,1972,0,0.05,470,1
80538,421269,43,Business,21506,6248,0,1.59,716,1
21570,43196,55,Salary,4274,379,0,0.09,815,1
82580,380269,62,Business,34501,4931,0,2.62,595,1
58898,109653,57,Business,16356,1969,0,0.23,484,1
36152,345670,55,Agriculture,14476,4833,0,1.09,472,1
48338,90747,65,Salary,10845,843,0,2.13,678,1
39656,216440,58,Salary,15313,1957,1,2.7,303,1
77325,183361,64,Other,7804,3321,1,2.46,380,1
74649,91478,40,Business,14206,1178,0,0.99,656,1
25617,62043,29,Salary,2790,1472,0,3.42,314,1
51928,52985,31,Agriculture,4762,873,0,2.63,459,1
42736,77962,52,Salary,17948,2181,0,4.32,656,1
85870,445502,48,Agriculture,29646,6419,0,1.53,437,1
32998,220831,22,Agriculture,10272,2966,1,1.86,812,1
92085,122448,29,Other,25510,2525,0,0.66,837,0
59334,278257,73,Other,17250,6723,0,0.51,318,1
36761,221369,59,Salary,11628,7819,0,0.04,396,1
46455,126597,61,Agriculture,17924,4677,0,0.89,799,1
43968,177400,29,Salary,13228,1997,0,1.14,317,1
34508,40803,21,Business,12318,1135,0,0.32,568,1
61897,160390,34,Business,11387,6483,1,0.14,823,1
35442,174876,66,Salary,15644,1459,0,1.01,624,1
16393,162442,46,Salary,1505,4054,0,1.42,468,1
52406,522201,62,Salary,11688,4801,0,7.63,303,1
23943,234795,45,Salary,9729,3018,0,2.24,516,1
44957,203175,45,Salary,6599,2277,0,0.07,598,1
41818,52961,52,Remittance,5532,730,0,0.99,344,1
42576,152164,72,Business,9163,4826,0,0.08,591,1
100019,275881,42,Agriculture,23848,2666,1,0.47,522,1
61128,38768,51,Agriculture,26001,382,0,0.61,479,0
64907,91176,70,Agriculture,25272,1832,1,1.64,835,1
24472,117596,39,Salary,6160,1244,0,2.61,792,1
46921,174865,65,Remittance,20645,2475,1,0.91,682,1
64306,142332,48,Agriculture,20426,1292,0,0.79,625,1
39509,288532,68,Agriculture,15932,2923,0,1.26,561,1
78161,304249,44,Remittance,13369,18521,0,0.42,338,1
35946,308875,53,Business,9379,2888,0,0.6,469,1
54273,151383,36,Business,4939,1298,0,1.44,305,1
48279,271074,54,Remittance,4021,2942,0,0.47,501,1
63286,142351,36,Salary,21582,5705,0,0.09,560,1
47190,245641,52,Agriculture,5841,2476,0,0.64,636,1
54582,106349,62,Salary,15430,1298,0,0.54,495,1
55277,112489,42,Salary,18657,2315,0,0.4,440,1
45312,286196,42,Business,4165,2663,0,0.06,691,1
69702,209522,36,Salary,17149,2867,0,5.26,383,1
64768,138441,59,Other,21577,1330,0,0.37,369,1
58228,543430,51,Salary,23827,6441,1,1.54,683,1
51391,46690,47,Agriculture,9801,1082,0,0.6,622,1
75931,445632,19,Salary,33445,3799,0,3.75,779,1
55283,315583,24,Other,21697,4284,0,0.16,707,1
53866,155176,18,Salary,17277,2288,0,3.37,796,1
62094,298134,66,Salary,13972,5364,0,0.09,666,1
93932,125259,66,Salary,32229,4687,0,3.01,763,1
33193,244037,21,Business,12679,2834,0,2.17,393,1
75397,196494,20,Other,14493,3357,1,1.09,592,1
22137,51738,62,Other,9903,458,0,1.75,820,1
64345,224651,47,Salary,26780,1933,0,0.19,734,1
91502,830153,35,Salary,23757,8747,0,1.36,522,1
69773,562819,53,Salary,24242,14738,0,2.89,810,1
63413,602137,31,Business,17368,6741,0,6.32,472,1
48791,326590,29,Business,17640,22990,0,0.12,312,1
60621,412087,38,Salary,23399,4070,0,1.68,738,1
54959,278109,69,Business,4869,4258,0,0.46,527,1
44280,402916,61,Remittance,4839,3560,0,0.55,318,1
54202,290161,28,Salary,11084,5496,0,0.71,412,1
63968,247753,50,Salary,26836,6129,0,1.19,339,1
44656,293996,68,Salary,10153,2461,0,4.5,849,1
43874,249570,72,Salary,17917,3601,0,0.24,767,1
32795,55036,61,Salary,8235,523,0,1.73,812,1
67815,286918,25,Business,12673,2599,0,0.05,400,1
70906,246511,31,Salary,29301,3625,1,1.22,742,1
64633,552284,30,Agriculture,18579,9022,0,0.22,610,1
79303,325063,26,Remittance,16922,4533,0,1.24,463,1
61757,512878,27,Remittance,5955,4953,1,1.71,668,1
67840,319031,36,Business,8212,2746,1,0.89,824,1
66077,506035,49,Salary,8692,10663,0,0.69,553,1
58169,103842,40,Salary,12506,1132,0,1.04,316,1
49384,458490,41,Salary,15048,10707,0,0.7,764,1
104283,528227,32,Other,20211,6774,1,2.51,403,1
